"Waste Capacity per end use,  per plants, per technology type, and per period"
t_periods,Sub,EndUse,Treatment_Plant,Tech_type_1,Tech_type_2,Capacity_units,Capacities
2016,Solid,Green Bin,Dufferin,Anaerobic Digester,,Tj.y,427.0712898693506
2016,Solid,Green Bin,Disco Road,Anaerobic Digester,,Tj.y,403.0917097947471
2016,Solid,Landfill,MI - Arbor Hills,Biogas capture,,Tj.y,204.37241250980665
2016,Solid,Landfill,Beare Rd,Biogas capture,,Tj.y,288.3195424455218
2016,Solid,Landfill,MI - Carleton farms,Biogas capture,,Tj.y,506.18195661617216
2016,Solid,Landfill,Green Lane,Biogas capture,,Tj.y,2658.3673355205324
2016,Solid,Landfill,Keele Valley,Biogas capture,,Tj.y,1142.7782271417814
2016,Water,Waste water,Ahsbridges Bay Wastewater Treatment Plant,Anaerobic Digester,,TJ.y,2015.422313452776
2016,Water,Waste water,Ahsbridges Bay Wastewater Treatment Plant,Anaerobic Digester,Public,TJ.y,0.6290076754795362
2016,Water,Waste water,Ahsbridges Bay Wastewater Treatment Plant,Gasification,Central,MW,0.03337818173446468
2016,Water,Waste water,Ahsbridges Bay Wastewater Treatment Plant,Gasification,Enerkem,TJ.y,1.104975294962849
2016,Water,Waste water,Humber Wastewater Treatment Plant,Anaerobic Digester,,TJ.y,1122.3797980715958
2016,Water,Waste water,Humber Wastewater Treatment Plant,Anaerobic Digester,Public,TJ.y,0.606074125918716
2016,Water,Waste water,Humber Wastewater Treatment Plant,Gasification,Central,MW,0.031577833265329404
2016,Water,Waste water,Humber Wastewater Treatment Plant,Gasification,Enerkem,TJ.y,1.0923788245271604
2016,Water,Waste water,Highland Creek Waterwater Treatment Plant,Anaerobic Digester,,TJ.y,418.14438827657136
2016,Water,Waste water,Highland Creek Waterwater Treatment Plant,Anaerobic Digester,Public,TJ.y,0.5935029217034996
2016,Water,Waste water,Highland Creek Waterwater Treatment Plant,Gasification,Central,MW,0.0300283077377425
2016,Water,Waste water,Highland Creek Waterwater Treatment Plant,Gasification,Enerkem,TJ.y,1.0758864744116603
2016,Water,Waste water,Highland Creek Waterwater Treatment Plant,Incineration,,kt.y,3.71839517625232
2017,Solid,Green Bin,Dufferin,Anaerobic Digester,,Tj.y,427.0712898693506
2017,Solid,Green Bin,Disco Road,Anaerobic Digester,,Tj.y,403.0917097947471
2017,Solid,Landfill,MI - Arbor Hills,Biogas capture,,Tj.y,204.37241250980665
2017,Solid,Landfill,Beare Rd,Biogas capture,,Tj.y,288.3195424455218
2017,Solid,Landfill,MI - Carleton farms,Biogas capture,,Tj.y,506.18195661617216
2017,Solid,Landfill,Green Lane,Biogas capture,,Tj.y,2658.3673355205324
2017,Solid,Landfill,Keele Valley,Biogas capture,,Tj.y,1142.7782271417814
2017,Water,Waste water,Ahsbridges Bay Wastewater Treatment Plant,Anaerobic Digester,,TJ.y,2015.422313452776
2017,Water,Waste water,Ahsbridges Bay Wastewater Treatment Plant,Anaerobic Digester,Public,TJ.y,1.0885557580609233
2017,Water,Waste water,Ahsbridges Bay Wastewater Treatment Plant,Gasification,Central,MW,0.057385294849126904
2017,Water,Waste water,Ahsbridges Bay Wastewater Treatment Plant,Gasification,Enerkem,TJ.y,1.7908433106939752
2017,Water,Waste water,Humber Wastewater Treatment Plant,Anaerobic Digester,,TJ.y,1122.3797980715958
2017,Water,Waste water,Humber Wastewater Treatment Plant,Anaerobic Digester,Public,TJ.y,1.0497863574976436
2017,Water,Waste water,Humber Wastewater Treatment Plant,Gasification,Central,MW,0.05459269624769488
2017,Water,Waste water,Humber Wastewater Treatment Plant,Gasification,Enerkem,TJ.y,1.766745664742443
2017,Water,Waste water,Highland Creek Waterwater Treatment Plant,Anaerobic Digester,,TJ.y,418.14438827657136
2017,Water,Waste water,Highland Creek Waterwater Treatment Plant,Anaerobic Digester,Public,TJ.y,1.026536659796276
2017,Water,Waste water,Highland Creek Waterwater Treatment Plant,Gasification,Central,MW,0.051967554216374806
2017,Water,Waste water,Highland Creek Waterwater Treatment Plant,Gasification,Enerkem,TJ.y,1.737553105968601
2017,Water,Waste water,Highland Creek Waterwater Treatment Plant,Incineration,,kt.y,3.71839517625232
2018,Solid,Green Bin,Dufferin,Anaerobic Digester,,Tj.y,427.0712898693506
2018,Solid,Green Bin,Disco Road,Anaerobic Digester,,Tj.y,403.0917097947471
2018,Solid,Landfill,MI - Arbor Hills,Biogas capture,,Tj.y,204.37241250980665
2018,Solid,Landfill,Beare Rd,Biogas capture,,Tj.y,288.3195424455218
2018,Solid,Landfill,MI - Carleton farms,Biogas capture,,Tj.y,506.18195661617216
2018,Solid,Landfill,Green Lane,Biogas capture,,Tj.y,2658.3673355205324
2018,Solid,Landfill,Keele Valley,Biogas capture,,Tj.y,1142.7782271417814
2018,Water,Waste water,Ahsbridges Bay Wastewater Treatment Plant,Anaerobic Digester,,TJ.y,2015.422313452776
2018,Water,Waste water,Ahsbridges Bay Wastewater Treatment Plant,Anaerobic Digester,Public,TJ.y,1.538079434001269
2018,Water,Waste water,Ahsbridges Bay Wastewater Treatment Plant,Gasification,Central,MW,0.07658984692371197
2018,Water,Waste water,Ahsbridges Bay Wastewater Treatment Plant,Gasification,Enerkem,TJ.y,2.4352751741298
2018,Water,Waste water,Humber Wastewater Treatment Plant,Anaerobic Digester,,TJ.y,1122.3797980715958
2018,Water,Waste water,Humber Wastewater Treatment Plant,Anaerobic Digester,Public,TJ.y,1.4832482420417783
2018,Water,Waste water,Humber Wastewater Treatment Plant,Gasification,Central,MW,0.07305292300446786
2018,Water,Waste water,Humber Wastewater Treatment Plant,Gasification,Enerkem,TJ.y,2.4006068222755292
2018,Water,Waste water,Highland Creek Waterwater Treatment Plant,Anaerobic Digester,,TJ.y,418.14438827657136
2018,Water,Waste water,Highland Creek Waterwater Treatment Plant,Anaerobic Digester,Public,TJ.y,1.449058219558058
2018,Water,Waste water,Highland Creek Waterwater Treatment Plant,Gasification,Central,MW,0.06957213015271528
2018,Water,Waste water,Highland Creek Waterwater Treatment Plant,Gasification,Enerkem,TJ.y,2.3585631578246185
2018,Water,Waste water,Highland Creek Waterwater Treatment Plant,Incineration,,kt.y,3.71839517625232
2019,Solid,Green Bin,Dufferin,Anaerobic Digester,,Tj.y,427.0712898693506
2019,Solid,Green Bin,Disco Road,Anaerobic Digester,,Tj.y,403.0917097947471
2019,Solid,Landfill,MI - Arbor Hills,Biogas capture,,Tj.y,204.37241250980665
2019,Solid,Landfill,Beare Rd,Biogas capture,,Tj.y,288.3195424455218
2019,Solid,Landfill,MI - Carleton farms,Biogas capture,,Tj.y,506.18195661617216
2019,Solid,Landfill,Green Lane,Biogas capture,,Tj.y,2658.3673355205324
2019,Solid,Landfill,Keele Valley,Biogas capture,,Tj.y,1142.7782271417814
2019,Water,Waste water,Ahsbridges Bay Wastewater Treatment Plant,Anaerobic Digester,,TJ.y,2015.422313452776
2019,Water,Waste water,Ahsbridges Bay Wastewater Treatment Plant,Anaerobic Digester,Public,TJ.y,1.9794139510875104
2019,Water,Waste water,Ahsbridges Bay Wastewater Treatment Plant,Gasification,Central,MW,0.09240030517990194
2019,Water,Waste water,Ahsbridges Bay Wastewater Treatment Plant,Gasification,Enerkem,TJ.y,3.0395193850692968
2019,Water,Waste water,Humber Wastewater Treatment Plant,Anaerobic Digester,,TJ.y,1122.3797980715958
2019,Water,Waste water,Humber Wastewater Treatment Plant,Anaerobic Digester,Public,TJ.y,1.9080291801474965
2019,Water,Waste water,Humber Wastewater Treatment Plant,Gasification,Central,MW,0.08824877872054854
2019,Water,Waste water,Humber Wastewater Treatment Plant,Gasification,Enerkem,TJ.y,2.9944559602467855
2019,Water,Waste water,Highland Creek Waterwater Treatment Plant,Anaerobic Digester,,TJ.y,418.14438827657136
2019,Water,Waste water,Highland Creek Waterwater Treatment Plant,Anaerobic Digester,Public,TJ.y,1.8626683147039025
2019,Water,Waste water,Highland Creek Waterwater Treatment Plant,Gasification,Central,MW,0.08407453666964267
2019,Water,Waste water,Highland Creek Waterwater Treatment Plant,Gasification,Enerkem,TJ.y,2.9397152771777386
2019,Water,Waste water,Highland Creek Waterwater Treatment Plant,Incineration,,kt.y,3.71839517625232
2020,Solid,Green Bin,Dufferin,Anaerobic Digester,,Tj.y,427.0712898693506
2020,Solid,Green Bin,Disco Road,Anaerobic Digester,,Tj.y,403.0917097947471
2020,Solid,Landfill,MI - Arbor Hills,Biogas capture,,Tj.y,204.37241250980665
2020,Solid,Landfill,Beare Rd,Biogas capture,,Tj.y,288.3195424455218
2020,Solid,Landfill,MI - Carleton farms,Biogas capture,,Tj.y,506.18195661617216
2020,Solid,Landfill,Green Lane,Biogas capture,,Tj.y,2658.3673355205324
2020,Solid,Landfill,Keele Valley,Biogas capture,,Tj.y,1142.7782271417814
2020,Water,Waste water,Ahsbridges Bay Wastewater Treatment Plant,Anaerobic Digester,,TJ.y,2015.422313452776
2020,Water,Waste water,Ahsbridges Bay Wastewater Treatment Plant,Anaerobic Digester,Public,TJ.y,2.412642391199807
2020,Water,Waste water,Ahsbridges Bay Wastewater Treatment Plant,Gasification,Central,MW,0.09795216305632334
2020,Water,Waste water,Ahsbridges Bay Wastewater Treatment Plant,Gasification,Enerkem,TJ.y,3.606456819669283
2020,Water,Waste water,Humber Wastewater Treatment Plant,Anaerobic Digester,,TJ.y,1122.3797980715958
2020,Water,Waste water,Humber Wastewater Treatment Plant,Anaerobic Digester,Public,TJ.y,2.3242174424996347
2020,Water,Waste water,Humber Wastewater Treatment Plant,Gasification,Central,MW,0.09358735645228992
2020,Water,Waste water,Humber Wastewater Treatment Plant,Gasification,Enerkem,TJ.y,3.551245161792629
2020,Water,Waste water,Highland Creek Waterwater Treatment Plant,Anaerobic Digester,,TJ.y,418.14438827657136
2020,Water,Waste water,Highland Creek Waterwater Treatment Plant,Anaerobic Digester,Public,TJ.y,2.267384156520783
2020,Water,Waste water,Highland Creek Waterwater Treatment Plant,Gasification,Central,MW,0.08920604514801146
2020,Water,Waste water,Highland Creek Waterwater Treatment Plant,Gasification,Enerkem,TJ.y,3.483926251303671
2020,Water,Waste water,Highland Creek Waterwater Treatment Plant,Incineration,,kt.y,3.71839517625232
2021,Solid,Green Bin,Dufferin,Anaerobic Digester,,Tj.y,427.0712898693506
2021,Solid,Green Bin,Disco Road,Anaerobic Digester,,Tj.y,403.0917097947471
2021,Solid,Landfill,MI - Arbor Hills,Biogas capture,,Tj.y,204.37241250980665
2021,Solid,Landfill,Beare Rd,Biogas capture,,Tj.y,288.3195424455218
2021,Solid,Landfill,MI - Carleton farms,Biogas capture,,Tj.y,506.18195661617216
2021,Solid,Landfill,Green Lane,Biogas capture,,Tj.y,2658.3673355205324
2021,Solid,Landfill,Keele Valley,Biogas capture,,Tj.y,1142.7782271417814
2021,Water,Waste water,Ahsbridges Bay Wastewater Treatment Plant,Anaerobic Digester,,TJ.y,2015.422313452776
2021,Water,Waste water,Ahsbridges Bay Wastewater Treatment Plant,Anaerobic Digester,Public,TJ.y,2.881568073530562
2021,Water,Waste water,Ahsbridges Bay Wastewater Treatment Plant,Gasification,Central,MW,0.10391928343850002
2021,Water,Waste water,Ahsbridges Bay Wastewater Treatment Plant,Gasification,Enerkem,TJ.y,4.193630448552673
2021,Water,Waste water,Humber Wastewater Treatment Plant,Anaerobic Digester,,TJ.y,1122.3797980715958
2021,Water,Waste water,Humber Wastewater Treatment Plant,Anaerobic Digester,Public,TJ.y,2.7734506206326492
2021,Water,Waste water,Humber Wastewater Treatment Plant,Gasification,Central,MW,0.09932281526131548
2021,Water,Waste water,Humber Wastewater Treatment Plant,Gasification,Enerkem,TJ.y,4.128193604838106
2021,Water,Waste water,Highland Creek Waterwater Treatment Plant,Anaerobic Digester,,TJ.y,418.14438827657136
2021,Water,Waste water,Highland Creek Waterwater Treatment Plant,Anaerobic Digester,Public,TJ.y,2.703996620322279
2021,Water,Waste water,Highland Creek Waterwater Treatment Plant,Gasification,Central,MW,0.09471696888198725
2021,Water,Waste water,Highland Creek Waterwater Treatment Plant,Gasification,Enerkem,TJ.y,4.04806942018619
2021,Water,Waste water,Highland Creek Waterwater Treatment Plant,Incineration,,kt.y,3.71839517625232
2022,Solid,Green Bin,Dufferin,Anaerobic Digester,,Tj.y,427.0712898693506
2022,Solid,Green Bin,Disco Road,Anaerobic Digester,,Tj.y,403.0917097947471
2022,Solid,Landfill,MI - Arbor Hills,Biogas capture,,Tj.y,204.37241250980665
2022,Solid,Landfill,Beare Rd,Biogas capture,,Tj.y,288.3195424455218
2022,Solid,Landfill,MI - Carleton farms,Biogas capture,,Tj.y,506.18195661617216
2022,Solid,Landfill,Green Lane,Biogas capture,,Tj.y,2658.3673355205324
2022,Solid,Landfill,Keele Valley,Biogas capture,,Tj.y,1142.7782271417814
2022,Water,Waste water,Ahsbridges Bay Wastewater Treatment Plant,Anaerobic Digester,,TJ.y,2015.422313452776
2022,Water,Waste water,Ahsbridges Bay Wastewater Treatment Plant,Anaerobic Digester,Public,TJ.y,3.345270621072981
2022,Water,Waste water,Ahsbridges Bay Wastewater Treatment Plant,Gasification,Central,MW,0.10974473372499752
2022,Water,Waste water,Ahsbridges Bay Wastewater Treatment Plant,Gasification,Enerkem,TJ.y,4.750268224976438
2022,Water,Waste water,Humber Wastewater Treatment Plant,Anaerobic Digester,,TJ.y,1122.3797980715958
2022,Water,Waste water,Humber Wastewater Treatment Plant,Anaerobic Digester,Public,TJ.y,3.217087105081823
2022,Water,Waste water,Humber Wastewater Treatment Plant,Gasification,Central,MW,0.10491966175652528
2022,Water,Waste water,Humber Wastewater Treatment Plant,Gasification,Enerkem,TJ.y,4.675133627671679
2022,Water,Waste water,Highland Creek Waterwater Treatment Plant,Anaerobic Digester,,TJ.y,418.14438827657136
2022,Water,Waste water,Highland Creek Waterwater Treatment Plant,Anaerobic Digester,Public,TJ.y,3.1349201860454934
2022,Water,Waste water,Highland Creek Waterwater Treatment Plant,Gasification,Central,MW,0.10009249750568122
2022,Water,Waste water,Highland Creek Waterwater Treatment Plant,Gasification,Enerkem,TJ.y,4.5827303099280154
2022,Water,Waste water,Highland Creek Waterwater Treatment Plant,Incineration,,kt.y,3.71839517625232
2023,Solid,Green Bin,Compost,Biogas upgrade,Public,TJ.y,7.130229516620657
2023,Solid,Green Bin,Compost,Biogas capture,___,TJ.y,8.716209934005956
2023,Solid,Green Bin,Compost,Cogeneration engine,Internal Combustion Engine,MW,0.01168488787942962
2023,Solid,Green Bin,Dufferin,Anaerobic Digester,,Tj.y,427.0712898693506
2023,Solid,Green Bin,Dufferin,Anaerobic Digester,Public,TJ.y,1.2751929065071512
2023,Solid,Green Bin,Dufferin,Gasification,Central,MW,0.05382132295791023
2023,Solid,Green Bin,Dufferin,Gasification,Enerkem,TJ.y,0.5240476161585983
2023,Solid,Green Bin,Disco Road,Anaerobic Digester,,Tj.y,403.0917097947471
2023,Solid,Green Bin,Disco Road,Anaerobic Digester,Public,TJ.y,1.657203960709301
2023,Solid,Green Bin,Disco Road,Gasification,Central,MW,0.03756294315531013
2023,Solid,Green Bin,Disco Road,Gasification,Enerkem,TJ.y,0.5557879370895961
2023,Solid,Landfill,MI - Arbor Hills,Biogas upgrade,Public,TJ.y,5.856264485151365
2023,Solid,Landfill,MI - Arbor Hills,Biogas capture,,Tj.y,204.37241250980665
2023,Solid,Landfill,MI - Arbor Hills,Biogas capture,___,TJ.y,8.758031674778273
2023,Solid,Landfill,MI - Arbor Hills,Cogeneration engine,Internal Combustion Engine,MW,0.026819246000367655
2023,Solid,Landfill,Beare Rd,Biogas upgrade,Public,TJ.y,6.193930124243755
2023,Solid,Landfill,Beare Rd,Biogas capture,,Tj.y,288.3195424455218
2023,Solid,Landfill,Beare Rd,Biogas capture,___,TJ.y,9.484984216110584
2023,Solid,Landfill,Beare Rd,Cogeneration engine,Internal Combustion Engine,MW,0.027217710745793523
2023,Solid,Landfill,Brock West,Biogas upgrade,Public,TJ.y,13.123000413899405
2023,Solid,Landfill,Brock West,Biogas capture,___,TJ.y,12.967813890145283
2023,Solid,Landfill,Brock West,Cogeneration engine,Internal Combustion Engine,MW,0.028641314127264204
2023,Solid,Landfill,MI - Carleton farms,Biogas upgrade,Public,TJ.y,6.795226069547599
2023,Solid,Landfill,MI - Carleton farms,Biogas capture,,Tj.y,506.18195661617216
2023,Solid,Landfill,MI - Carleton farms,Biogas capture,___,TJ.y,10.91780983232567
2023,Solid,Landfill,MI - Carleton farms,Cogeneration engine,Internal Combustion Engine,MW,0.027902532148080833
2023,Solid,Landfill,Green Lane,Biogas upgrade,Public,TJ.y,28.834940178083503
2023,Solid,Landfill,Green Lane,Biogas capture,,Tj.y,2658.3673355205324
2023,Solid,Landfill,Green Lane,Biogas capture,___,TJ.y,12.988032689310913
2023,Solid,Landfill,Green Lane,Cogeneration engine,Internal Combustion Engine,MW,0.015578598124075272
2023,Solid,Landfill,Keele Valley,Biogas upgrade,Public,TJ.y,30.837487575794114
2023,Solid,Landfill,Keele Valley,Biogas capture,,Tj.y,1142.7782271417814
2023,Solid,Landfill,Keele Valley,Biogas capture,___,TJ.y,14.721654028516053
2023,Solid,Landfill,Keele Valley,Cogeneration engine,Internal Combustion Engine,MW,0.015581038529658416
2023,Solid,Landfill,Thackeray,Biogas upgrade,Public,TJ.y,7.212721076694359
2023,Solid,Landfill,Thackeray,Biogas capture,___,TJ.y,6.62171477378956
2023,Solid,Landfill,Thackeray,Cogeneration engine,Internal Combustion Engine,MW,0.02529586041038967
2023,Water,Waste water,Ahsbridges Bay Wastewater Treatment Plant,Anaerobic Digester,,TJ.y,2015.422313452776
2023,Water,Waste water,Ahsbridges Bay Wastewater Treatment Plant,Anaerobic Digester,Public,TJ.y,3.801777677775552
2023,Water,Waste water,Ahsbridges Bay Wastewater Treatment Plant,Gasification,Central,MW,0.11537092942482652
2023,Water,Waste water,Ahsbridges Bay Wastewater Treatment Plant,Gasification,Enerkem,TJ.y,5.271256435544271
2023,Water,Waste water,Humber Wastewater Treatment Plant,Anaerobic Digester,,TJ.y,1122.3797980715958
2023,Water,Waste water,Humber Wastewater Treatment Plant,Anaerobic Digester,Public,TJ.y,3.6531881382719105
2023,Water,Waste water,Humber Wastewater Treatment Plant,Gasification,Central,MW,0.11032196161104885
2023,Water,Waste water,Humber Wastewater Treatment Plant,Gasification,Enerkem,TJ.y,5.186947550464714
2023,Water,Waste water,Highland Creek Waterwater Treatment Plant,Anaerobic Digester,,TJ.y,418.14438827657136
2023,Water,Waste water,Highland Creek Waterwater Treatment Plant,Anaerobic Digester,Public,TJ.y,3.5581789637082775
2023,Water,Waste water,Highland Creek Waterwater Treatment Plant,Gasification,Central,MW,0.10527839078568305
2023,Water,Waste water,Highland Creek Waterwater Treatment Plant,Gasification,Enerkem,TJ.y,5.08291811328565
2023,Water,Waste water,Highland Creek Waterwater Treatment Plant,Incineration,,kt.y,3.71839517625232
2024,Solid,Green Bin,Compost,Biogas upgrade,Public,TJ.y,20.576340081933317
2024,Solid,Green Bin,Compost,Biogas capture,___,TJ.y,23.014167382186592
2024,Solid,Green Bin,Compost,Cogeneration engine,Internal Combustion Engine,MW,0.022508589042562557
2024,Solid,Green Bin,Dufferin,Anaerobic Digester,,Tj.y,427.0712898693506
2024,Solid,Green Bin,Dufferin,Anaerobic Digester,Public,TJ.y,3.1982313598708365
2024,Solid,Green Bin,Dufferin,Gasification,Central,MW,0.0995838772380328
2024,Solid,Green Bin,Dufferin,Gasification,Enerkem,TJ.y,0.937701497587416
2024,Solid,Green Bin,Disco Road,Anaerobic Digester,,Tj.y,403.0917097947471
2024,Solid,Green Bin,Disco Road,Anaerobic Digester,Public,TJ.y,3.739621505203477
2024,Solid,Green Bin,Disco Road,Gasification,Central,MW,0.06978985070401764
2024,Solid,Green Bin,Disco Road,Gasification,Enerkem,TJ.y,0.9894609683753184
2024,Solid,Landfill,MI - Arbor Hills,Biogas upgrade,Public,TJ.y,11.387558675052171
2024,Solid,Landfill,MI - Arbor Hills,Biogas capture,,Tj.y,204.37241250980665
2024,Solid,Landfill,MI - Arbor Hills,Biogas capture,___,TJ.y,21.457237778615323
2024,Solid,Landfill,MI - Arbor Hills,Cogeneration engine,Internal Combustion Engine,MW,0.05148435112798326
2024,Solid,Landfill,Beare Rd,Biogas upgrade,Public,TJ.y,12.071370731242112
2024,Solid,Landfill,Beare Rd,Biogas capture,,Tj.y,288.3195424455218
2024,Solid,Landfill,Beare Rd,Biogas capture,___,TJ.y,23.47910446216771
2024,Solid,Landfill,Beare Rd,Cogeneration engine,Internal Combustion Engine,MW,0.05225548782061801
2024,Solid,Landfill,Brock West,Biogas upgrade,Public,TJ.y,30.719899020208302
2024,Solid,Landfill,Brock West,Biogas capture,___,TJ.y,31.96209809150745
2024,Solid,Landfill,Brock West,Cogeneration engine,Internal Combustion Engine,MW,0.055012416682690565
2024,Solid,Landfill,MI - Carleton farms,Biogas upgrade,Public,TJ.y,13.287161555205724
2024,Solid,Landfill,MI - Carleton farms,Biogas capture,,Tj.y,506.18195661617216
2024,Solid,Landfill,MI - Carleton farms,Biogas capture,___,TJ.y,27.430963976891174
2024,Solid,Landfill,MI - Carleton farms,Cogeneration engine,Internal Combustion Engine,MW,0.05358081581032419
2024,Solid,Landfill,Green Lane,Biogas upgrade,Public,TJ.y,240.35476602635302
2024,Solid,Landfill,Green Lane,Biogas capture,,Tj.y,2658.3673355205324
2024,Solid,Landfill,Green Lane,Biogas capture,___,TJ.y,33.14965052591686
2024,Solid,Landfill,Green Lane,Cogeneration engine,Internal Combustion Engine,MW,0.03061098009829496
2024,Solid,Landfill,Keele Valley,Biogas upgrade,Public,TJ.y,251.910578285882
2024,Solid,Landfill,Keele Valley,Biogas capture,,Tj.y,1142.7782271417814
2024,Solid,Landfill,Keele Valley,Biogas capture,___,TJ.y,38.58721202666376
2024,Solid,Landfill,Keele Valley,Cogeneration engine,Internal Combustion Engine,MW,0.030616210730067272
2024,Solid,Landfill,Thackeray,Biogas upgrade,Public,TJ.y,15.88727102880626
2024,Solid,Landfill,Thackeray,Biogas capture,___,TJ.y,15.029218522250924
2024,Solid,Landfill,Thackeray,Cogeneration engine,Internal Combustion Engine,MW,0.04853343268294341
2024,Water,Waste water,Ahsbridges Bay Wastewater Treatment Plant,Anaerobic Digester,,TJ.y,2015.422313452776
2024,Water,Waste water,Ahsbridges Bay Wastewater Treatment Plant,Anaerobic Digester,Public,TJ.y,4.247385760220025
2024,Water,Waste water,Ahsbridges Bay Wastewater Treatment Plant,Gasification,Central,MW,0.1206504219346004
2024,Water,Waste water,Ahsbridges Bay Wastewater Treatment Plant,Gasification,Enerkem,TJ.y,5.746206537340179
2024,Water,Waste water,Humber Wastewater Treatment Plant,Anaerobic Digester,,TJ.y,1122.3797980715958
2024,Water,Waste water,Humber Wastewater Treatment Plant,Anaerobic Digester,Public,TJ.y,4.078439843550509
2024,Water,Waste water,Humber Wastewater Treatment Plant,Gasification,Central,MW,0.1153954789406239
2024,Water,Waste water,Humber Wastewater Treatment Plant,Gasification,Enerkem,TJ.y,5.654050570306718
2024,Water,Waste water,Highland Creek Waterwater Treatment Plant,Anaerobic Digester,,TJ.y,418.14438827657136
2024,Water,Waste water,Highland Creek Waterwater Treatment Plant,Anaerobic Digester,Public,TJ.y,3.970069586422392
2024,Water,Waste water,Highland Creek Waterwater Treatment Plant,Gasification,Central,MW,0.11014643023978678
2024,Water,Waste water,Highland Creek Waterwater Treatment Plant,Gasification,Enerkem,TJ.y,5.538928324491202
2024,Water,Waste water,Highland Creek Waterwater Treatment Plant,Incineration,,kt.y,3.71839517625232
2025,Solid,Green Bin,Compost,Biogas upgrade,Public,TJ.y,89.58509928570577
2025,Solid,Green Bin,Compost,Biogas capture,___,TJ.y,94.3233208132388
2025,Solid,Green Bin,Compost,Cogeneration engine,Internal Combustion Engine,MW,0.0321488703799963
2025,Solid,Green Bin,Dufferin,Anaerobic Digester,,Tj.y,427.0712898693506
2025,Solid,Green Bin,Dufferin,Anaerobic Digester,Public,TJ.y,227.05208678291888
2025,Solid,Green Bin,Dufferin,Gasification,Central,MW,0.13286869206746243
2025,Solid,Green Bin,Dufferin,Gasification,Enerkem,TJ.y,1.263214726790642
2025,Solid,Green Bin,Disco Road,Anaerobic Digester,,Tj.y,403.0917097947471
2025,Solid,Green Bin,Disco Road,Anaerobic Digester,Public,TJ.y,317.6521954543473
2025,Solid,Green Bin,Disco Road,Gasification,Central,MW,0.09492503289174414
2025,Solid,Green Bin,Disco Road,Gasification,Enerkem,TJ.y,1.3498095217917987
2025,Solid,Landfill,MI - Arbor Hills,Biogas upgrade,Public,TJ.y,16.7807906795976
2025,Solid,Landfill,MI - Arbor Hills,Biogas capture,,Tj.y,204.37241250980665
2025,Solid,Landfill,MI - Arbor Hills,Biogas capture,___,TJ.y,185.0898041747768
2025,Solid,Landfill,MI - Arbor Hills,Cogeneration engine,Internal Combustion Engine,MW,0.07375529444961185
2025,Solid,Landfill,Beare Rd,Biogas upgrade,Public,TJ.y,17.83989463145111
2025,Solid,Landfill,Beare Rd,Biogas capture,,Tj.y,288.3195424455218
2025,Solid,Landfill,Beare Rd,Biogas capture,___,TJ.y,260.2005278585813
2025,Solid,Landfill,Beare Rd,Cogeneration engine,Internal Combustion Engine,MW,0.07486771012351948
2025,Solid,Landfill,Brock West,Biogas upgrade,Public,TJ.y,775.7000013086445
2025,Solid,Landfill,Brock West,Biogas capture,___,TJ.y,814.805843163448
2025,Solid,Landfill,Brock West,Cogeneration engine,Internal Combustion Engine,MW,0.07884776787644429
2025,Solid,Landfill,MI - Carleton farms,Biogas upgrade,Public,TJ.y,19.725342813577683
2025,Solid,Landfill,MI - Carleton farms,Biogas capture,,Tj.y,506.18195661617216
2025,Solid,Landfill,MI - Carleton farms,Biogas capture,___,TJ.y,493.13568626376144
2025,Solid,Landfill,MI - Carleton farms,Cogeneration engine,Internal Combustion Engine,MW,0.07678050505081949
2025,Solid,Landfill,Green Lane,Biogas upgrade,Public,TJ.y,1157.8542031355328
2025,Solid,Landfill,Green Lane,Biogas capture,,Tj.y,2658.3673355205324
2025,Solid,Landfill,Green Lane,Biogas capture,___,TJ.y,1219.6894987278315
2025,Solid,Landfill,Green Lane,Cogeneration engine,Internal Combustion Engine,MW,0.04465078197704682
2025,Solid,Landfill,Keele Valley,Biogas upgrade,Public,TJ.y,1454.8960600108126
2025,Solid,Landfill,Keele Valley,Biogas capture,,Tj.y,1142.7782271417814
2025,Solid,Landfill,Keele Valley,Biogas capture,___,TJ.y,1532.3351983225505
2025,Solid,Landfill,Keele Valley,Cogeneration engine,Internal Combustion Engine,MW,0.04466122050578353
2025,Solid,Landfill,Thackeray,Biogas upgrade,Public,TJ.y,50.41214396274592
2025,Solid,Landfill,Thackeray,Biogas capture,___,TJ.y,51.540140779193706
2025,Solid,Landfill,Thackeray,Cogeneration engine,Internal Combustion Engine,MW,0.06949238544297033
2025,Water,Waste water,Ahsbridges Bay Wastewater Treatment Plant,Anaerobic Digester,,TJ.y,2015.422313452776
2025,Water,Waste water,Ahsbridges Bay Wastewater Treatment Plant,Anaerobic Digester,Public,TJ.y,4.678169622526041
2025,Water,Waste water,Ahsbridges Bay Wastewater Treatment Plant,Gasification,Central,MW,0.1255000924122987
2025,Water,Waste water,Ahsbridges Bay Wastewater Treatment Plant,Gasification,Enerkem,TJ.y,6.1732616689384905
2025,Water,Waste water,Humber Wastewater Treatment Plant,Anaerobic Digester,,TJ.y,1122.3797980715958
2025,Water,Waste water,Humber Wastewater Treatment Plant,Anaerobic Digester,Public,TJ.y,4.488722605264675
2025,Water,Waste water,Humber Wastewater Treatment Plant,Gasification,Central,MW,0.12005738441385085
2025,Water,Waste water,Humber Wastewater Treatment Plant,Gasification,Enerkem,TJ.y,6.074112407473344
2025,Water,Waste water,Highland Creek Waterwater Treatment Plant,Anaerobic Digester,,TJ.y,418.14438827657136
2025,Water,Waste water,Highland Creek Waterwater Treatment Plant,Anaerobic Digester,Public,TJ.y,4.366416330059709
2025,Water,Waste water,Highland Creek Waterwater Treatment Plant,Gasification,Central,MW,0.11461729165472008
2025,Water,Waste water,Highland Creek Waterwater Treatment Plant,Gasification,Enerkem,TJ.y,5.948539497515831
2025,Water,Waste water,Highland Creek Waterwater Treatment Plant,Incineration,,kt.y,3.71839517625232
2030,Solid,Green Bin,Compost,Biogas upgrade,Public,TJ.y,96.28188265838595
2030,Solid,Green Bin,Compost,Biogas capture,___,TJ.y,101.30645080874002
2030,Solid,Green Bin,Compost,Cogeneration engine,Internal Combustion Engine,MW,0.04284905861504064
2030,Solid,Green Bin,Dufferin,Anaerobic Digester,,Tj.y,427.0712898693506
2030,Solid,Green Bin,Dufferin,Anaerobic Digester,Public,TJ.y,228.7580629186224
2030,Solid,Green Bin,Dufferin,Gasification,Central,MW,0.1454906446601124
2030,Solid,Green Bin,Dufferin,Gasification,Enerkem,TJ.y,1.494076360587846
2030,Solid,Green Bin,Disco Road,Anaerobic Digester,,Tj.y,403.0917097947471
2030,Solid,Green Bin,Disco Road,Anaerobic Digester,Public,TJ.y,319.72076925501136
2030,Solid,Green Bin,Disco Road,Gasification,Central,MW,0.10691280999760908
2030,Solid,Green Bin,Disco Road,Gasification,Enerkem,TJ.y,1.58902711396135
2030,Solid,Landfill,MI - Arbor Hills,Biogas upgrade,Public,TJ.y,92.42434444756834
2030,Solid,Landfill,MI - Arbor Hills,Biogas capture,,Tj.y,204.37241250980665
2030,Solid,Landfill,MI - Arbor Hills,Biogas capture,___,TJ.y,187.0608901794516
2030,Solid,Landfill,MI - Arbor Hills,Cogeneration engine,Internal Combustion Engine,MW,0.0984818733449734
2030,Solid,Landfill,Beare Rd,Biogas upgrade,Public,TJ.y,128.31687100839875
2030,Solid,Landfill,Beare Rd,Biogas capture,,Tj.y,288.3195424455218
2030,Solid,Landfill,Beare Rd,Biogas capture,___,TJ.y,262.22114611550916
2030,Solid,Landfill,Beare Rd,Cogeneration engine,Internal Combustion Engine,MW,0.09999713257220388
2030,Solid,Landfill,Brock West,Biogas upgrade,Public,TJ.y,778.8849979590133
2030,Solid,Landfill,Brock West,Biogas capture,___,TJ.y,816.944794814803
2030,Solid,Landfill,Brock West,Cogeneration engine,Internal Combustion Engine,MW,0.10463415609919632
2030,Solid,Landfill,MI - Carleton farms,Biogas upgrade,Public,TJ.y,240.27984533461907
2030,Solid,Landfill,MI - Carleton farms,Biogas capture,,Tj.y,506.18195661617216
2030,Solid,Landfill,MI - Carleton farms,Biogas capture,___,TJ.y,495.2394392481432
2030,Solid,Landfill,MI - Carleton farms,Cogeneration engine,Internal Combustion Engine,MW,0.10260128088517728
2030,Solid,Landfill,Green Lane,Biogas upgrade,Public,TJ.y,1160.468334312345
2030,Solid,Landfill,Green Lane,Biogas capture,,Tj.y,2658.3673355205324
2030,Solid,Landfill,Green Lane,Biogas capture,___,TJ.y,1221.853896272802
2030,Solid,Landfill,Green Lane,Cogeneration engine,Internal Combustion Engine,MW,0.055346300546943866
2030,Solid,Landfill,Keele Valley,Biogas upgrade,Public,TJ.y,1457.530034262367
2030,Solid,Landfill,Keele Valley,Biogas capture,,Tj.y,1142.7782271417814
2030,Solid,Landfill,Keele Valley,Biogas capture,___,TJ.y,1534.5078809911213
2030,Solid,Landfill,Keele Valley,Cogeneration engine,Internal Combustion Engine,MW,0.055356776376253025
2030,Solid,Landfill,Thackeray,Biogas upgrade,Public,TJ.y,53.074026495933374
2030,Solid,Landfill,Thackeray,Biogas capture,___,TJ.y,53.354193909538274
2030,Solid,Landfill,Thackeray,Cogeneration engine,Internal Combustion Engine,MW,0.09224706336599452
2030,Water,Waste water,Ahsbridges Bay Wastewater Treatment Plant,Anaerobic Digester,Public,TJ.y,3823.690656161955
2030,Water,Waste water,Ahsbridges Bay Wastewater Treatment Plant,Gasification,Central,MW,0.1332411125338988
2030,Water,Waste water,Ahsbridges Bay Wastewater Treatment Plant,Gasification,Enerkem,TJ.y,6.840978937900566
2030,Water,Waste water,Humber Wastewater Treatment Plant,Anaerobic Digester,Public,TJ.y,1718.795497072802
2030,Water,Waste water,Humber Wastewater Treatment Plant,Gasification,Central,MW,0.12744046730906794
2030,Water,Waste water,Humber Wastewater Treatment Plant,Gasification,Enerkem,TJ.y,6.72559835267622
2030,Water,Waste water,Highland Creek Waterwater Treatment Plant,Anaerobic Digester,Public,TJ.y,807.7065680278552
2030,Water,Waste water,Highland Creek Waterwater Treatment Plant,Gasification,Central,MW,0.12173793389598776
2030,Water,Waste water,Highland Creek Waterwater Treatment Plant,Gasification,Enerkem,TJ.y,6.592268256696454
2030,Water,Waste water,Highland Creek Waterwater Treatment Plant,Incineration,,kt.y,3.71839517625232
2035,Solid,Green Bin,Compost,Biogas upgrade,Public,TJ.y,103.34788298760739
2035,Solid,Green Bin,Compost,Biogas capture,___,TJ.y,108.71848656564502
2035,Solid,Green Bin,Compost,Cogeneration engine,Internal Combustion Engine,MW,0.05502304239282138
2035,Solid,Green Bin,Dufferin,Anaerobic Digester,,Tj.y,427.0712898693506
2035,Solid,Green Bin,Dufferin,Anaerobic Digester,Public,TJ.y,229.71515513801464
2035,Solid,Green Bin,Dufferin,Gasification,Central,MW,0.15208886307928077
2035,Solid,Green Bin,Dufferin,Gasification,Enerkem,TJ.y,1.6887159527565183
2035,Solid,Green Bin,Disco Road,Anaerobic Digester,,Tj.y,403.0917097947471
2035,Solid,Green Bin,Disco Road,Anaerobic Digester,Public,TJ.y,320.61139014554396
2035,Solid,Green Bin,Disco Road,Gasification,Central,MW,0.12078362741066435
2035,Solid,Green Bin,Disco Road,Gasification,Enerkem,TJ.y,1.7835501132350156
2035,Solid,Landfill,MI - Arbor Hills,Biogas upgrade,Public,TJ.y,99.91713449171354
2035,Solid,Landfill,MI - Arbor Hills,Biogas capture,,Tj.y,204.37241250980665
2035,Solid,Landfill,MI - Arbor Hills,Biogas capture,___,TJ.y,189.23461087357052
2035,Solid,Landfill,MI - Arbor Hills,Cogeneration engine,Internal Combustion Engine,MW,0.12621978941294557
2035,Solid,Landfill,Beare Rd,Biogas upgrade,Public,TJ.y,136.43206695617135
2035,Solid,Landfill,Beare Rd,Biogas capture,,Tj.y,288.3195424455218
2035,Solid,Landfill,Beare Rd,Biogas capture,___,TJ.y,264.44634267405013
2035,Solid,Landfill,Beare Rd,Cogeneration engine,Internal Combustion Engine,MW,0.1282156440232039
2035,Solid,Landfill,Brock West,Biogas upgrade,Public,TJ.y,782.4074436932312
2035,Solid,Landfill,Brock West,Biogas capture,___,TJ.y,819.3161874419587
2035,Solid,Landfill,Brock West,Cogeneration engine,Internal Combustion Engine,MW,0.1336999258656585
2035,Solid,Landfill,MI - Carleton farms,Biogas upgrade,Public,TJ.y,249.54632282794378
2035,Solid,Landfill,MI - Carleton farms,Biogas capture,,Tj.y,506.18195661617216
2035,Solid,Landfill,MI - Carleton farms,Biogas capture,___,TJ.y,497.55687645994743
2035,Solid,Landfill,MI - Carleton farms,Cogeneration engine,Internal Combustion Engine,MW,0.1316331192601039
2035,Solid,Landfill,Green Lane,Biogas upgrade,Public,TJ.y,1163.3934811318925
2035,Solid,Landfill,Green Lane,Biogas capture,,Tj.y,2658.3673355205324
2035,Solid,Landfill,Green Lane,Biogas capture,___,TJ.y,1224.2624655731486
2035,Solid,Landfill,Green Lane,Cogeneration engine,Internal Combustion Engine,MW,0.0675186967894551
2035,Solid,Landfill,Keele Valley,Biogas upgrade,Public,TJ.y,1460.481716466313
2035,Solid,Landfill,Keele Valley,Biogas capture,,Tj.y,1142.7782271417814
2035,Solid,Landfill,Keele Valley,Biogas capture,___,TJ.y,1536.9330621190516
2035,Solid,Landfill,Keele Valley,Cogeneration engine,Internal Combustion Engine,MW,0.06752924131487335
2035,Solid,Landfill,Thackeray,Biogas upgrade,Public,TJ.y,56.006597682736455
2035,Solid,Landfill,Thackeray,Biogas capture,___,TJ.y,55.34999887009197
2035,Solid,Landfill,Thackeray,Cogeneration engine,Internal Combustion Engine,MW,0.11770172021988824
2035,Water,Waste water,Ahsbridges Bay Wastewater Treatment Plant,Anaerobic Digester,Public,TJ.y,3914.8124990475767
2035,Water,Waste water,Ahsbridges Bay Wastewater Treatment Plant,Gasification,Central,MW,0.14075191900634454
2035,Water,Waste water,Ahsbridges Bay Wastewater Treatment Plant,Gasification,Enerkem,TJ.y,7.233923013359267
2035,Water,Waste water,Humber Wastewater Treatment Plant,Anaerobic Digester,Public,TJ.y,1761.045632356547
2035,Water,Waste water,Humber Wastewater Treatment Plant,Gasification,Central,MW,0.134536744713981
2035,Water,Waste water,Humber Wastewater Treatment Plant,Gasification,Enerkem,TJ.y,7.108130791305766
2035,Water,Waste water,Highland Creek Waterwater Treatment Plant,Anaerobic Digester,Public,TJ.y,828.8157176839616
2035,Water,Waste water,Highland Creek Waterwater Treatment Plant,Gasification,Central,MW,0.12852238990848278
2035,Water,Waste water,Highland Creek Waterwater Treatment Plant,Gasification,Enerkem,TJ.y,6.9656464165581005
2035,Water,Waste water,Highland Creek Waterwater Treatment Plant,Incineration,,kt.y,3.71839517625232
2040,Solid,Green Bin,Compost,Biogas upgrade,Public,TJ.y,110.46528546973343
2040,Solid,Green Bin,Compost,Biogas capture,___,TJ.y,116.2748575529411
2040,Solid,Green Bin,Compost,Cogeneration engine,Internal Combustion Engine,MW,0.06946942362339834
2040,Solid,Green Bin,Dufferin,Anaerobic Digester,,Tj.y,427.0712898693506
2040,Solid,Green Bin,Dufferin,Anaerobic Digester,Public,TJ.y,230.16719740324737
2040,Solid,Green Bin,Dufferin,Gasification,Central,MW,0.1683022528064536
2040,Solid,Green Bin,Dufferin,Gasification,Enerkem,TJ.y,1.9203649494653048
2040,Solid,Green Bin,Disco Road,Anaerobic Digester,,Tj.y,403.0917097947471
2040,Solid,Green Bin,Disco Road,Anaerobic Digester,Public,TJ.y,321.0705601063487
2040,Solid,Green Bin,Disco Road,Gasification,Central,MW,0.13413812343423007
2040,Solid,Green Bin,Disco Road,Gasification,Enerkem,TJ.y,2.0141927416511023
2040,Solid,Landfill,MI - Arbor Hills,Biogas upgrade,Public,TJ.y,103.83742648142876
2040,Solid,Landfill,MI - Arbor Hills,Biogas capture,,Tj.y,204.37241250980665
2040,Solid,Landfill,MI - Arbor Hills,Biogas capture,___,TJ.y,191.7410764399086
2040,Solid,Landfill,MI - Arbor Hills,Cogeneration engine,Internal Combustion Engine,MW,0.15816436329998954
2040,Solid,Landfill,Beare Rd,Biogas upgrade,Public,TJ.y,140.4515238037201
2040,Solid,Landfill,Beare Rd,Biogas capture,,Tj.y,288.3195424455218
2040,Solid,Landfill,Beare Rd,Biogas capture,___,TJ.y,267.0104055697296
2040,Solid,Landfill,Beare Rd,Cogeneration engine,Internal Combustion Engine,MW,0.16072512844662404
2040,Solid,Landfill,Brock West,Biogas upgrade,Public,TJ.y,786.4797752659321
2040,Solid,Landfill,Brock West,Biogas capture,___,TJ.y,822.0649999287771
2040,Solid,Landfill,Brock West,Cogeneration engine,Internal Combustion Engine,MW,0.16768875446424925
2040,Solid,Landfill,MI - Carleton farms,Biogas upgrade,Public,TJ.y,253.77444637554282
2040,Solid,Landfill,MI - Carleton farms,Biogas capture,,Tj.y,506.18195661617216
2040,Solid,Landfill,MI - Carleton farms,Biogas capture,___,TJ.y,500.23011263468953
2040,Solid,Landfill,MI - Carleton farms,Cogeneration engine,Internal Combustion Engine,MW,0.16508800251616967
2040,Solid,Landfill,Green Lane,Biogas upgrade,Public,TJ.y,1166.803904419062
2040,Solid,Landfill,Green Lane,Biogas capture,,Tj.y,2658.3673355205324
2040,Solid,Landfill,Green Lane,Biogas capture,___,TJ.y,1227.0626452515571
2040,Solid,Landfill,Green Lane,Cogeneration engine,Internal Combustion Engine,MW,0.08196286887788416
2040,Solid,Landfill,Keele Valley,Biogas upgrade,Public,TJ.y,1463.9275507343523
2040,Solid,Landfill,Keele Valley,Biogas capture,,Tj.y,1142.7782271417814
2040,Solid,Landfill,Keele Valley,Biogas capture,___,TJ.y,1539.756518497744
2040,Solid,Landfill,Keele Valley,Cogeneration engine,Internal Combustion Engine,MW,0.08197350077693585
2040,Solid,Landfill,Thackeray,Biogas upgrade,Public,TJ.y,59.389684579513585
2040,Solid,Landfill,Thackeray,Biogas capture,___,TJ.y,57.64802797809783
2040,Solid,Landfill,Thackeray,Cogeneration engine,Internal Combustion Engine,MW,0.14721338354031588
2040,Water,Waste water,Ahsbridges Bay Wastewater Treatment Plant,Anaerobic Digester,Public,TJ.y,3996.848147832772
2040,Water,Waste water,Ahsbridges Bay Wastewater Treatment Plant,Gasification,Central,MW,0.15999924291712317
2040,Water,Waste water,Ahsbridges Bay Wastewater Treatment Plant,Gasification,Enerkem,TJ.y,7.8625001570256146
2040,Water,Waste water,Humber Wastewater Treatment Plant,Anaerobic Digester,Public,TJ.y,1797.130930864456
2040,Water,Waste water,Humber Wastewater Treatment Plant,Gasification,Central,MW,0.1521174191850242
2040,Water,Waste water,Humber Wastewater Treatment Plant,Gasification,Enerkem,TJ.y,7.713462239518413
2040,Water,Waste water,Highland Creek Waterwater Treatment Plant,Anaerobic Digester,Public,TJ.y,845.2343539048388
2040,Water,Waste water,Highland Creek Waterwater Treatment Plant,Gasification,Central,MW,0.14450860415475175
2040,Water,Waste water,Highland Creek Waterwater Treatment Plant,Gasification,Enerkem,TJ.y,7.545356636449079
2040,Water,Waste water,Highland Creek Waterwater Treatment Plant,Incineration,,kt.y,3.71839517625232
2045,Solid,Green Bin,Compost,Biogas upgrade,Public,TJ.y,118.8018966957456
2045,Solid,Green Bin,Compost,Biogas capture,___,TJ.y,125.13299076147806
2045,Solid,Green Bin,Compost,Cogeneration engine,Internal Combustion Engine,MW,0.08870760477326874
2045,Solid,Green Bin,Dufferin,Anaerobic Digester,Public,TJ.y,230.84013618693209
2045,Solid,Green Bin,Dufferin,Gasification,Central,MW,8.719518676143966
2045,Solid,Green Bin,Dufferin,Gasification,Enerkem,TJ.y,2.226024212756434
2045,Solid,Green Bin,Disco Road,Anaerobic Digester,Public,TJ.y,321.5470381037721
2045,Solid,Green Bin,Disco Road,Gasification,Central,MW,23.61565390191597
2045,Solid,Green Bin,Disco Road,Gasification,Enerkem,TJ.y,2.3092714463602055
2045,Solid,Landfill,MI - Arbor Hills,Biogas upgrade,Public,TJ.y,108.66408911182843
2045,Solid,Landfill,MI - Arbor Hills,Biogas capture,,Tj.y,204.37241250980665
2045,Solid,Landfill,MI - Arbor Hills,Biogas capture,___,TJ.y,194.97638495966305
2045,Solid,Landfill,MI - Arbor Hills,Cogeneration engine,Internal Combustion Engine,MW,0.19951659407859368
2045,Solid,Landfill,Beare Rd,Biogas upgrade,Public,TJ.y,145.38667693238884
2045,Solid,Landfill,Beare Rd,Biogas capture,,Tj.y,288.3195424455218
2045,Solid,Landfill,Beare Rd,Biogas capture,___,TJ.y,270.31975066020834
2045,Solid,Landfill,Beare Rd,Cogeneration engine,Internal Combustion Engine,MW,0.2028754835731182
2045,Solid,Landfill,Brock West,Biogas upgrade,Public,TJ.y,791.7461084779192
2045,Solid,Landfill,Brock West,Biogas capture,___,TJ.y,825.6239870995514
2045,Solid,Landfill,Brock West,Cogeneration engine,Internal Combustion Engine,MW,0.21210437322316297
2045,Solid,Landfill,MI - Carleton farms,Biogas upgrade,Public,TJ.y,258.9085557003703
2045,Solid,Landfill,MI - Carleton farms,Biogas capture,,Tj.y,506.18195661617216
2045,Solid,Landfill,MI - Carleton farms,Biogas capture,___,TJ.y,503.6800852758823
2045,Solid,Landfill,MI - Carleton farms,Cogeneration engine,Internal Combustion Engine,MW,0.2085903514290177
2045,Solid,Landfill,Green Lane,Biogas upgrade,Public,TJ.y,1171.2381279308804
2045,Solid,Landfill,Green Lane,Biogas capture,,Tj.y,2658.3673355205324
2045,Solid,Landfill,Green Lane,Biogas capture,___,TJ.y,1230.702285556276
2045,Solid,Landfill,Green Lane,Cogeneration engine,Internal Combustion Engine,MW,0.10119803015792576
2045,Solid,Landfill,Keele Valley,Biogas upgrade,Public,TJ.y,1468.4199188371495
2045,Solid,Landfill,Keele Valley,Biogas capture,,Tj.y,1142.7782271417814
2045,Solid,Landfill,Keele Valley,Biogas capture,___,TJ.y,1543.4335068592598
2045,Solid,Landfill,Keele Valley,Cogeneration engine,Internal Combustion Engine,MW,0.10120877887008912
2045,Solid,Landfill,Thackeray,Biogas upgrade,Public,TJ.y,63.768831061946145
2045,Solid,Landfill,Thackeray,Biogas capture,___,TJ.y,60.61042078116517
2045,Solid,Landfill,Thackeray,Cogeneration engine,Internal Combustion Engine,MW,0.18536937399663933
2045,Water,Waste water,Ahsbridges Bay Wastewater Treatment Plant,Anaerobic Digester,Public,TJ.y,4082.33487143066
2045,Water,Waste water,Ahsbridges Bay Wastewater Treatment Plant,Gasification,Central,MW,0.30598220371349927
2045,Water,Waste water,Ahsbridges Bay Wastewater Treatment Plant,Gasification,Enerkem,TJ.y,7.05568427711196
2045,Water,Waste water,Humber Wastewater Treatment Plant,Anaerobic Digester,Public,TJ.y,1834.1937912899016
2045,Water,Waste water,Humber Wastewater Treatment Plant,Gasification,Central,MW,0.26657428237367353
2045,Water,Waste water,Humber Wastewater Treatment Plant,Gasification,Enerkem,TJ.y,6.911989670050743
2045,Water,Waste water,Highland Creek Waterwater Treatment Plant,Anaerobic Digester,Public,TJ.y,861.9200920859855
2045,Water,Waste water,Highland Creek Waterwater Treatment Plant,Gasification,Central,MW,0.2298326982325092
2045,Water,Waste water,Highland Creek Waterwater Treatment Plant,Gasification,Enerkem,TJ.y,6.752856686495608
2045,Water,Waste water,Highland Creek Waterwater Treatment Plant,Incineration,,kt.y,3.71839517625232
2050,Solid,Green Bin,Compost,Biogas upgrade,Public,TJ.y,139.8304798235086
2050,Solid,Green Bin,Compost,Biogas capture,___,TJ.y,149.98186917660098
2050,Solid,Green Bin,Compost,Cogeneration engine,Internal Combustion Engine,MW,0.1522826250679331
2050,Solid,Green Bin,Dufferin,Anaerobic Digester,Public,TJ.y,232.92788098453457
2050,Solid,Green Bin,Dufferin,Gasification,Central,MW,8.777483770975007
2050,Solid,Green Bin,Dufferin,Gasification,Enerkem,TJ.y,3.189189701566772
2050,Solid,Green Bin,Disco Road,Anaerobic Digester,Public,TJ.y,323.04212115247964
2050,Solid,Green Bin,Disco Road,Gasification,Central,MW,23.640883336450468
2050,Solid,Green Bin,Disco Road,Gasification,Enerkem,TJ.y,3.222669487509707
2050,Solid,Landfill,MI - Arbor Hills,Biogas upgrade,Public,TJ.y,123.72149972492224
2050,Solid,Landfill,MI - Arbor Hills,Biogas capture,,Tj.y,204.37241250980665
2050,Solid,Landfill,MI - Arbor Hills,Biogas capture,___,TJ.y,204.93302426207933
2050,Solid,Landfill,MI - Arbor Hills,Cogeneration engine,Internal Combustion Engine,MW,0.32679134212548
2050,Solid,Landfill,Beare Rd,Biogas upgrade,Public,TJ.y,160.7689839234988
2050,Solid,Landfill,Beare Rd,Biogas capture,,Tj.y,288.3195424455218
2050,Solid,Landfill,Beare Rd,Biogas capture,___,TJ.y,280.51250836264563
2050,Solid,Landfill,Beare Rd,Cogeneration engine,Internal Combustion Engine,MW,0.33294353340651817
2050,Solid,Landfill,Brock West,Biogas upgrade,Public,TJ.y,808.170084619245
2050,Solid,Landfill,Brock West,Biogas capture,___,TJ.y,836.6081396634548
2050,Solid,Landfill,Brock West,Cogeneration engine,Internal Combustion Engine,MW,0.3511624654721909
2050,Solid,Landfill,MI - Carleton farms,Biogas upgrade,Public,TJ.y,274.9168238182063
2050,Solid,Landfill,MI - Carleton farms,Biogas capture,,Tj.y,506.18195661617216
2050,Solid,Landfill,MI - Carleton farms,Biogas capture,___,TJ.y,514.3197918020265
2050,Solid,Landfill,MI - Carleton farms,Cogeneration engine,Internal Combustion Engine,MW,0.34373753140968916
2050,Solid,Landfill,Green Lane,Biogas upgrade,Public,TJ.y,1185.0093925266187
2050,Solid,Landfill,Green Lane,Biogas capture,,Tj.y,2658.3673355205324
2050,Solid,Landfill,Green Lane,Biogas capture,___,TJ.y,1241.9702103755303
2050,Solid,Landfill,Green Lane,Cogeneration engine,Internal Combustion Engine,MW,0.16476852407255807
2050,Solid,Landfill,Keele Valley,Biogas upgrade,Public,TJ.y,1482.3950637235837
2050,Solid,Landfill,Keele Valley,Biogas capture,,Tj.y,1142.7782271417814
2050,Solid,Landfill,Keele Valley,Biogas capture,___,TJ.y,1554.8449792068773
2050,Solid,Landfill,Keele Valley,Cogeneration engine,Internal Combustion Engine,MW,0.1647794379303778
2050,Solid,Landfill,Thackeray,Biogas upgrade,Public,TJ.y,77.69236777384107
2050,Solid,Landfill,Thackeray,Biogas capture,___,TJ.y,69.80114885462892
2050,Solid,Landfill,Thackeray,Cogeneration engine,Internal Combustion Engine,MW,0.34956311264226125
2050,Water,Waste water,Ahsbridges Bay Wastewater Treatment Plant,Anaerobic Digester,Public,TJ.y,4167.601380423566
2050,Water,Waste water,Ahsbridges Bay Wastewater Treatment Plant,Gasification,Central,MW,0.379532790983032
2050,Water,Waste water,Ahsbridges Bay Wastewater Treatment Plant,Gasification,Enerkem,TJ.y,7.015429047872198
2050,Water,Waste water,Humber Wastewater Treatment Plant,Anaerobic Digester,Public,TJ.y,1873.5608748065015
2050,Water,Waste water,Humber Wastewater Treatment Plant,Gasification,Central,MW,0.3296024056737523
2050,Water,Waste water,Humber Wastewater Treatment Plant,Gasification,Enerkem,TJ.y,6.867373627207979
2050,Water,Waste water,Highland Creek Waterwater Treatment Plant,Anaerobic Digester,Public,TJ.y,881.6086985544267
2050,Water,Waste water,Highland Creek Waterwater Treatment Plant,Gasification,Central,MW,0.2833351574760408
2050,Water,Waste water,Highland Creek Waterwater Treatment Plant,Gasification,Enerkem,TJ.y,6.714150524580101
2050,Water,Waste water,Highland Creek Waterwater Treatment Plant,Incineration,,kt.y,3.71839517625232
