"Buildin sector GHG emissions per subsector, per end use, per period (metric ton)"
t_periods,emissions_comm,Sub,EndUse,Emisions
2016,CH4,Commercial,Auxiliary Equipment,4.325882803683904
2016,CH4,Commercial,Space Cooling,0.1217573657904989
2016,CH4,Commercial,Space Heating,36.22610350206675
2016,CH4,Commercial,Water Heating,5.860673244757138
2016,CH4,Industry,Industrial Processes,12.596896328038886
2016,CH4,Industry,Space Cooling,0.02863585672156332
2016,CH4,Industry,Space Heating,0.7646317693806424
2016,CH4,Industry,Water Heating,2.923258112113305
2016,CH4,Public,Auxiliary Equipment,0.3629992727272181
2016,CH4,Public,Space Cooling,0.19768237821211407
2016,CH4,Public,Space Heating,7.100717661489076
2016,CH4,Public,Water Heating,0.9892702427043474
2016,CH4,Residential,Clothe Dryer,0.13177666704816907
2016,CH4,Residential,Range,0.1341488201195168
2016,CH4,Residential,Space Heating,202.24070598949322
2016,CH4,Residential,Water Heating,29.873915416055027
2016,CO2,Commercial,Auxiliary Equipment,242526.43118265597
2016,CO2,Commercial,Space Cooling,5990.490741834159
2016,CO2,Commercial,Space Heating,1848510.5355559245
2016,CO2,Commercial,Water Heating,307257.63510867365
2016,CO2,Industry,Industrial Processes,628328.2574078984
2016,CO2,Industry,Space Cooling,1461.2026348732852
2016,CO2,Industry,Space Heating,40324.92673730221
2016,CO2,Industry,Water Heating,152250.1393367192
2016,CO2,Public,Auxiliary Equipment,18517.395572755828
2016,CO2,Public,Space Cooling,7933.8387292003035
2016,CO2,Public,Space Heating,374949.40640924865
2016,CO2,Public,Water Heating,48055.757089658
2016,CO2,Residential,Clothe Dryer,6724.171550998467
2016,CO2,Residential,Range,6845.2154698823715
2016,CO2,Residential,Space Heating,2876399.3892447026
2016,CO2,Residential,Water Heating,795191.4906817706
2016,CO2e,Commercial,Auxiliary Equipment,245762.21540682003
2016,CO2e,Commercial,Space Cooling,6027.370059968143
2016,CO2e,Commercial,Space Heating,1860468.3920968184
2016,CO2e,Commercial,Water Heating,309144.9897608753
2016,CO2e,Industry,Industrial Processes,631996.9381008877
2016,CO2e,Industry,Space Cooling,1469.876203691624
2016,CO2e,Industry,Space Heating,40581.491409017886
2016,CO2e,Industry,Water Heating,153238.72242087717
2016,CO2e,Public,Auxiliary Equipment,18627.34510920906
2016,CO2e,Public,Space Cooling,7993.715111951125
2016,CO2e,Public,Space Heating,377117.0514497389
2016,CO2e,Public,Water Heating,48355.4601842805
2016,CO2e,Residential,Clothe Dryer,6764.085634987893
2016,CO2e,Residential,Range,6885.848059803437
2016,CO2e,Residential,Space Heating,2896742.433067348
2016,CO2e,Residential,Water Heating,800240.6983936164
2016,N2O,Commercial,Auxiliary Equipment,10.553492232505405
2016,N2O,Commercial,Space Cooling,0.11517588406840834
2016,N2O,Commercial,Space Heating,37.57418915218341
2016,N2O,Commercial,Water Heating,5.920404409603467
2016,N2O,Industry,Industrial Processes,11.423308288926476
2016,N2O,Industry,Space Cooling,0.027087972574451794
2016,N2O,Industry,Space Heating,0.8070718273781307
2016,N2O,Industry,Water Heating,3.1113914892738506
2016,N2O,Public,Auxiliary Equipment,0.34337769035559673
2016,N2O,Public,Space Cooling,0.1869968215045958
2016,N2O,Public,Space Heating,6.773590502010154
2016,N2O,Public,Water Heating,0.9360014078044312
2016,N2O,Residential,Clothe Dryer,0.12465360396448434
2016,N2O,Residential,Range,0.12689753254548894
2016,N2O,Residential,Space Heating,54.01338589552533
2016,N2O,Residential,Water Heating,14.838441235263195
2017,CH4,Commercial,Auxiliary Equipment,4.35447714711056
2017,CH4,Commercial,Space Cooling,0.12773212727561303
2017,CH4,Commercial,Space Heating,36.54817579437121
2017,CH4,Commercial,Water Heating,5.9643933408548095
2017,CH4,Industry,Industrial Processes,12.611512747021772
2017,CH4,Industry,Space Cooling,0.02866908345212323
2017,CH4,Industry,Space Heating,0.765518986200885
2017,CH4,Industry,Water Heating,2.92665002423815
2017,CH4,Public,Auxiliary Equipment,0.3651373266744075
2017,CH4,Public,Space Cooling,0.21473189310256813
2017,CH4,Public,Space Heating,7.144636969769852
2017,CH4,Public,Water Heating,1.016835770003844
2017,CH4,Residential,Clothe Dryer,0.13174228672404337
2017,CH4,Residential,Range,0.08933364360286074
2017,CH4,Residential,Space Heating,209.6434775865786
2017,CH4,Residential,Water Heating,45.74168857933962
2017,CO2,Commercial,Auxiliary Equipment,243596.34259307166
2017,CO2,Commercial,Space Cooling,6096.352566845728
2017,CO2,Commercial,Space Heating,1862795.5508845807
2017,CO2,Commercial,Water Heating,310379.385078187
2017,CO2,Industry,Industrial Processes,629057.318664704
2017,CO2,Industry,Space Cooling,1462.8980961515854
2017,CO2,Industry,Space Heating,40371.71651861748
2017,CO2,Industry,Water Heating,152426.7980763227
2017,CO2,Public,Auxiliary Equipment,18560.091666043714
2017,CO2,Public,Space Cooling,8236.93447496746
2017,CO2,Public,Space Heating,376329.11749806366
2017,CO2,Public,Water Heating,50032.50195695087
2017,CO2,Residential,Clothe Dryer,6722.417225270106
2017,CO2,Residential,Range,4558.430246545976
2017,CO2,Residential,Space Heating,2870943.7479706584
2017,CO2,Residential,Water Heating,803111.1900217461
2017,CO2e,Commercial,Auxiliary Equipment,246852.8814103896
2017,CO2e,Commercial,Space Cooling,6135.041591129189
2017,CO2e,Commercial,Space Heating,1874695.1765975796
2017,CO2e,Commercial,Water Heating,312302.8563859027
2017,CO2e,Industry,Industrial Processes,632730.2561978484
2017,CO2e,Industry,Space Cooling,1471.5817290772054
2017,CO2e,Industry,Space Heating,40628.57888721334
2017,CO2e,Industry,Water Heating,153416.52823228246
2017,CO2e,Public,Auxiliary Equipment,18670.68880146741
2017,CO2e,Public,Space Cooling,8301.975015655626
2017,CO2e,Public,Space Heating,378510.12488035223
2017,CO2e,Public,Water Heating,50341.67753490082
2017,CO2e,Residential,Clothe Dryer,6762.320895738116
2017,CO2e,Residential,Range,4585.488682866441
2017,CO2e,Residential,Space Heating,2891475.3388470365
2017,CO2e,Residential,Water Heating,808612.9095822247
2017,N2O,Commercial,Auxiliary Equipment,10.621123480632916
2017,N2O,Commercial,Space Cooling,0.12082768325729971
2017,N2O,Commercial,Space Heating,37.35608731985513
2017,N2O,Commercial,Water Heating,6.03429210589892
2017,N2O,Industry,Industrial Processes,11.43656297133167
2017,N2O,Industry,Space Cooling,0.027119403265521983
2017,N2O,Industry,Space Heating,0.8080082882067698
2017,N2O,Industry,Water Heating,3.115001696143261
2017,N2O,Public,Auxiliary Equipment,0.345400173032015
2017,N2O,Public,Space Cooling,0.2031247346745384
2017,N2O,Public,Space Heating,6.8153355903464865
2017,N2O,Public,Water Heating,0.9658457274492706
2017,N2O,Residential,Clothe Dryer,0.12462108203625734
2017,N2O,Residential,Range,0.08450479800270615
2017,N2O,Residential,Space Heating,54.12442230557309
2017,N2O,Residential,Water Heating,15.238738591651305
2018,CH4,Commercial,Auxiliary Equipment,4.387215014955972
2018,CH4,Commercial,Space Cooling,0.13528769800313145
2018,CH4,Commercial,Space Heating,35.53758157335129
2018,CH4,Commercial,Water Heating,5.988543955834733
2018,CH4,Industry,Industrial Processes,12.626129166027733
2018,CH4,Industry,Space Cooling,0.028702310182683138
2018,CH4,Industry,Space Heating,0.7664062030219618
2018,CH4,Industry,Water Heating,2.9300419363633092
2018,CH4,Public,Auxiliary Equipment,0.36737931544716296
2018,CH4,Public,Space Cooling,0.2759932825508379
2018,CH4,Public,Space Heating,7.2001884335392266
2018,CH4,Public,Water Heating,0.9709156558162144
2018,CH4,Residential,Clothe Dryer,0.08778662967641632
2018,CH4,Residential,Range,0.08933602293498932
2018,CH4,Residential,Space Heating,210.71440410043806
2018,CH4,Residential,Water Heating,762.624844375914
2018,CO2,Commercial,Auxiliary Equipment,245111.18645710556
2018,CO2,Commercial,Space Cooling,6315.246256193523
2018,CO2,Commercial,Space Heating,1817044.3340264151
2018,CO2,Commercial,Water Heating,305156.8121683607
2018,CO2,Industry,Industrial Processes,629786.3799227129
2018,CO2,Industry,Space Cooling,1464.593557429885
2018,CO2,Industry,Space Heating,40418.50629997663
2018,CO2,Industry,Water Heating,152603.45681594333
2018,CO2,Public,Auxiliary Equipment,18626.127914733446
2018,CO2,Public,Space Cooling,10747.682366732839
2018,CO2,Public,Space Heating,376470.29975761095
2018,CO2,Public,Water Heating,47760.6983343179
2018,CO2,Residential,Clothe Dryer,4479.49072511011
2018,CO2,Residential,Range,4558.551656790808
2018,CO2,Residential,Space Heating,2841714.875015463
2018,CO2,Residential,Water Heating,943402.142397176
2018,CO2e,Commercial,Auxiliary Equipment,248391.1968105111
2018,CO2e,Commercial,Space Cooling,6356.2238007534
2018,CO2e,Commercial,Space Heating,1828856.314833546
2018,CO2e,Commercial,Water Heating,307090.88469969254
2018,CO2e,Industry,Industrial Processes,633463.5742960194
2018,CO2e,Industry,Space Cooling,1473.2872544627862
2018,CO2e,Industry,Space Heating,40675.66636545293
2018,CO2e,Industry,Water Heating,153594.33404370488
2018,CO2e,Public,Auxiliary Equipment,18737.40413012962
2018,CO2e,Public,Space Cooling,10831.2784788042
2018,CO2e,Public,Space Heating,378668.04196529434
2018,CO2e,Public,Water Heating,48058.01082545375
2018,CO2e,Residential,Clothe Dryer,4506.080583455612
2018,CO2e,Residential,Range,4585.6108137916835
2018,CO2e,Residential,Space Heating,2862291.848757274
2018,CO2e,Residential,Water Heating,967287.2509020171
2018,N2O,Commercial,Auxiliary Equipment,10.697579993595586
2018,N2O,Commercial,Space Cooling,0.12797484195238723
2018,N2O,Commercial,Space Heating,37.1331932687601
2018,N2O,Commercial,Water Heating,6.068164792815923
2018,N2O,Industry,Industrial Processes,11.449817653758007
2018,N2O,Industry,Space Cooling,0.02715083395659216
2018,N2O,Industry,Space Heating,0.8089447490362832
2018,N2O,Industry,Water Heating,3.1186119030130746
2018,N2O,Public,Auxiliary Equipment,0.3475209723885508
2018,N2O,Public,Space Cooling,0.26107467495904724
2018,N2O,Public,Space Heating,6.8675780220774305
2018,N2O,Public,Water Heating,0.9292726924956738
2018,N2O,Residential,Clothe Dryer,0.08304140645066413
2018,N2O,Residential,Range,0.08450704872228725
2018,N2O,Residential,Space Heating,54.201245824501164
2018,N2O,Residential,Water Heating,26.409351587069622
2019,CH4,Commercial,Auxiliary Equipment,4.427894094286886
2019,CH4,Commercial,Space Cooling,0.14570160494738824
2019,CH4,Commercial,Space Heating,35.72187850560672
2019,CH4,Commercial,Water Heating,6.050909250051328
2019,CH4,Industry,Industrial Processes,12.640745580168804
2019,CH4,Industry,Space Cooling,0.028735536902204806
2019,CH4,Industry,Space Heating,0.7672934195480399
2019,CH4,Industry,Water Heating,2.933433847361676
2019,CH4,Public,Auxiliary Equipment,0.3696761586865238
2019,CH4,Public,Space Cooling,0.29136098244856246
2019,CH4,Public,Space Heating,7.244452472280969
2019,CH4,Public,Water Heating,0.9800751230424743
2019,CH4,Residential,Clothe Dryer,0.08778768966219438
2019,CH4,Residential,Range,0.0893373461968463
2019,CH4,Residential,Space Heating,212.1025132648681
2019,CH4,Residential,Water Heating,817.6492591326045
2019,CO2,Commercial,Auxiliary Equipment,246840.91666965248
2019,CO2,Commercial,Space Cooling,6551.718646576502
2019,CO2,Commercial,Space Heating,1825800.0746711884
2019,CO2,Commercial,Water Heating,308617.339670661
2019,CO2,Industry,Industrial Processes,630515.4409380414
2019,CO2,Industry,Space Cooling,1466.289018144937
2019,CO2,Industry,Space Heating,40465.29606577901
2019,CO2,Industry,Water Heating,152780.1154968779
2019,CO2,Public,Auxiliary Equipment,18683.870219103992
2019,CO2,Public,Space Cooling,11139.3391990376
2019,CO2,Public,Space Heating,378248.02736360417
2019,CO2,Public,Water Heating,48094.25240966948
2019,CO2,Residential,Clothe Dryer,4479.544813033054
2019,CO2,Residential,Range,4558.619178909348
2019,CO2,Residential,Space Heating,2892398.277054941
2019,CO2,Residential,Water Heating,954752.6173714229
2019,CO2e,Commercial,Auxiliary Equipment,250150.97602660247
2019,CO2e,Commercial,Space Cooling,6595.850477960882
2019,CO2e,Commercial,Space Heating,1837718.814981095
2019,CO2e,Commercial,Water Heating,310582.7525247756
2019,CO2e,Industry,Industrial Processes,634196.8921500929
2019,CO2e,Industry,Space Cooling,1474.9927792817748
2019,CO2e,Industry,Space Heating,40722.753828036766
2019,CO2e,Industry,Water Heating,153772.13979606022
2019,CO2e,Public,Auxiliary Equipment,18795.8586567606
2019,CO2e,Public,Space Cooling,11227.590061107278
2019,CO2e,Public,Space Heating,380459.2527267176
2019,CO2e,Public,Water Heating,48394.39948500985
2019,CO2e,Residential,Clothe Dryer,4506.1349924396545
2019,CO2e,Residential,Range,4585.67873671551
2019,CO2e,Residential,Space Heating,2913081.6717278147
2019,CO2e,Residential,Water Heating,980050.4911744748
2019,N2O,Commercial,Auxiliary Equipment,10.79554892942969
2019,N2O,Commercial,Space Cooling,0.13782583114256186
2019,N2O,Commercial,Space Heating,37.47845926607725
2019,N2O,Commercial,Water Heating,6.168938791488121
2019,N2O,Industry,Industrial Processes,11.463072331772882
2019,N2O,Industry,Space Cooling,0.027182264637220767
2019,N2O,Industry,Space Heating,0.8098812095544924
2019,N2O,Industry,Water Heating,3.1222221086835247
2019,N2O,Public,Auxiliary Equipment,0.3497491218932526
2019,N2O,Public,Space Cooling,0.2756116826787245
2019,N2O,Public,Space Heating,6.909704232198898
2019,N2O,Public,Water Heating,0.9381392542164946
2019,N2O,Residential,Clothe Dryer,0.08304240913991363
2019,N2O,Residential,Range,0.08450830045647628
2019,N2O,Residential,Space Heating,54.460543269499176
2019,N2O,Residential,Water Heating,27.27261530626483
2020,CH4,Commercial,Auxiliary Equipment,4.44137045095666
2020,CH4,Commercial,Space Cooling,0.3698373027970379
2020,CH4,Commercial,Space Heating,35.936999927638645
2020,CH4,Commercial,Water Heating,6.104754564563528
2020,CH4,Industry,Industrial Processes,12.655361999169338
2020,CH4,Industry,Space Cooling,0.02876876363276471
2020,CH4,Industry,Space Heating,0.7681806363693202
2020,CH4,Industry,Water Heating,2.9368257594877702
2020,CH4,Public,Auxiliary Equipment,0.37322021187414633
2020,CH4,Public,Space Cooling,0.5030654901183315
2020,CH4,Public,Space Heating,7.288676625435588
2020,CH4,Public,Water Heating,0.989088373028944
2020,CH4,Residential,Clothe Dryer,0.08779126373800411
2020,CH4,Residential,Range,0.08934594093486849
2020,CH4,Residential,Space Heating,212.15394056470066
2020,CH4,Residential,Water Heating,872.629254317598
2020,CO2,Commercial,Auxiliary Equipment,244199.16229611225
2020,CO2,Commercial,Space Cooling,12863.788706920805
2020,CO2,Commercial,Space Heating,1840089.7845574687
2020,CO2,Commercial,Water Heating,314616.1000968811
2020,CO2,Industry,Industrial Processes,631244.502195733
2020,CO2,Industry,Space Cooling,1467.984479423237
2020,CO2,Industry,Space Heating,40512.08584714923
2020,CO2,Industry,Water Heating,152956.77423654767
2020,CO2,Public,Auxiliary Equipment,17608.55464459629
2020,CO2,Public,Space Cooling,18239.676810137575
2020,CO2,Public,Space Heating,380956.38399686466
2020,CO2,Public,Water Heating,49244.46167492079
2020,CO2,Residential,Clothe Dryer,4479.727187495994
2020,CO2,Residential,Range,4559.057742838696
2020,CO2,Residential,Space Heating,2884495.701806719
2020,CO2,Residential,Water Heating,970915.143512042
2020,CO2e,Commercial,Auxiliary Equipment,247521.2012066913
2020,CO2e,Commercial,Space Cooling,12975.809394873491
2020,CO2e,Commercial,Space Heating,1852130.7490030453
2020,CO2e,Commercial,Water Heating,316608.2884204207
2020,CO2e,Industry,Industrial Processes,634930.210247946
2020,CO2e,Industry,Space Cooling,1476.6983046673554
2020,CO2e,Industry,Space Heating,40769.84130628751
2020,CO2e,Industry,Water Heating,153949.94560753217
2020,CO2e,Public,Auxiliary Equipment,17721.628673962885
2020,CO2e,Public,Space Cooling,18392.05122265554
2020,CO2e,Public,Space Heating,383181.0780586097
2020,CO2e,Public,Water Heating,49547.420491426026
2020,CO2e,Residential,Clothe Dryer,4506.318449461179
2020,CO2e,Residential,Range,4586.119903921318
2020,CO2e,Residential,Space Heating,2905091.821804463
2020,CO2e,Residential,Water Heating,997623.9774218466
2020,N2O,Commercial,Auxiliary Equipment,10.834799097681422
2020,N2O,Commercial,Space Cooling,0.34984598857028615
2020,N2O,Commercial,Space Heating,37.8734478090483
2020,N2O,Commercial,Water Heating,6.254994891558326
2020,N2O,Industry,Industrial Processes,11.476327014194151
2020,N2O,Industry,Space Cooling,0.02721369532829095
2020,N2O,Industry,Space Heating,0.810817670384258
2020,N2O,Industry,Water Heating,3.125832315554376
2020,N2O,Public,Auxiliary Equipment,0.35314229838000044
2020,N2O,Public,Space Cooling,0.4758726081391811
2020,N2O,Public,Space Heating,6.951784740304945
2020,N2O,Public,Water Heating,0.9469394653409894
2020,N2O,Residential,Clothe Dryer,0.08304579002243635
2020,N2O,Residential,Range,0.08451643061406483
2020,N2O,Residential,Space Heating,54.16405116068652
2020,N2O,Residential,Water Heating,28.13295157427856
2021,CH4,Commercial,Auxiliary Equipment,4.467771813322524
2021,CH4,Commercial,Space Cooling,0.37510961120902536
2021,CH4,Commercial,Space Heating,35.97339443771766
2021,CH4,Commercial,Water Heating,6.1609312560881655
2021,CH4,Industry,Industrial Processes,12.66997841815583
2021,CH4,Industry,Space Cooling,0.02880199036332463
2021,CH4,Industry,Space Heating,0.7690678531906535
2021,CH4,Industry,Water Heating,2.940217671613343
2021,CH4,Public,Auxiliary Equipment,0.3755146195800374
2021,CH4,Public,Space Cooling,0.5216816174190178
2021,CH4,Public,Space Heating,7.332711554096041
2021,CH4,Public,Water Heating,0.9926517482130016
2021,CH4,Residential,Clothe Dryer,0.08778944204132859
2021,CH4,Residential,Range,0.08934334636473838
2021,CH4,Residential,Space Heating,212.58664009673484
2021,CH4,Residential,Water Heating,915.5245307163465
2021,CO2,Commercial,Auxiliary Equipment,245334.44437106405
2021,CO2,Commercial,Space Cooling,12975.550394907257
2021,CO2,Commercial,Space Heating,1841674.0923072204
2021,CO2,Commercial,Water Heating,317433.3014160342
2021,CO2,Industry,Industrial Processes,631973.5634527534
2021,CO2,Industry,Space Cooling,1469.679940701538
2021,CO2,Industry,Space Heating,40558.87562852252
2021,CO2,Industry,Water Heating,153133.4329761907
2021,CO2,Public,Auxiliary Equipment,17667.72339162363
2021,CO2,Public,Space Cooling,18713.41123432526
2021,CO2,Public,Space Heating,382721.5143035846
2021,CO2,Public,Water Heating,49325.36791727977
2021,CO2,Residential,Clothe Dryer,4479.634231730497
2021,CO2,Residential,Range,4558.925349638544
2021,CO2,Residential,Space Heating,2886598.121050345
2021,CO2,Residential,Water Heating,979072.5282943551
2021,CO2e,Commercial,Auxiliary Equipment,248675.34576246695
2021,CO2e,Commercial,Space Cooling,13089.168021746947
2021,CO2e,Commercial,Space Heating,1853735.6410556394
2021,CO2e,Commercial,Water Heating,319453.42719983665
2021,CO2e,Industry,Industrial Processes,635663.5283451224
2021,CO2e,Industry,Space Cooling,1478.4038300529369
2021,CO2e,Industry,Space Heating,40816.92878454133
2021,CO2e,Industry,Water Heating,154127.75141897713
2021,CO2e,Public,Auxiliary Equipment,17781.50376413663
2021,CO2e,Public,Space Cooling,18871.42431880453
2021,CO2e,Public,Space Heating,384959.6083863505
2021,CO2e,Public,Water Heating,49629.43822227719
2021,CO2e,Residential,Clothe Dryer,4506.224941918529
2021,CO2e,Residential,Range,4585.98672484691
2021,CO2e,Residential,Space Heating,2907214.7868822585
2021,CO2e,Residential,Water Heating,1006878.303597654
2021,N2O,Commercial,Auxiliary Equipment,10.896235514506804
2021,N2O,Commercial,Space Cooling,0.3548333053835578
2021,N2O,Commercial,Space Heating,37.939957936992315
2021,N2O,Commercial,Water Heating,6.3447859980693595
2021,N2O,Industry,Industrial Processes,11.48958169660292
2021,N2O,Industry,Space Cooling,0.02724512601936114
2021,N2O,Industry,Space Heating,0.8117541312141
2021,N2O,Industry,Water Heating,3.129442522424655
2021,N2O,Public,Auxiliary Equipment,0.35535089094573546
2021,N2O,Public,Space Cooling,0.49348245138749797
2021,N2O,Public,Space Heating,6.993648121241162
2021,N2O,Public,Water Heating,0.9504181821642564
2021,N2O,Residential,Clothe Dryer,0.08304406679585141
2021,N2O,Residential,Range,0.08451397629096878
2021,N2O,Residential,Space Heating,54.202504664045115
2021,N2O,Residential,Water Heating,28.79114147065443
2022,CH4,Commercial,Auxiliary Equipment,4.483572869977807
2022,CH4,Commercial,Space Cooling,0.37832303863588546
2022,CH4,Commercial,Space Heating,35.825800719319254
2022,CH4,Commercial,Water Heating,6.20248478906147
2022,CH4,Industry,Industrial Processes,12.68469634593134
2022,CH4,Industry,Space Cooling,0.028835447848406862
2022,CH4,Industry,Space Heating,0.7699612315959417
2022,CH4,Industry,Water Heating,2.9436331400467237
2022,CH4,Public,Auxiliary Equipment,0.3772018974303131
2022,CH4,Public,Space Cooling,0.5373842145838443
2022,CH4,Public,Space Heating,7.36798665853108
2022,CH4,Public,Water Heating,0.9927819032044203
2022,CH4,Residential,Clothe Dryer,0.08777553254081259
2022,CH4,Residential,Range,0.04461052255229747
2022,CH4,Residential,Space Heating,212.73832262128943
2022,CH4,Residential,Water Heating,958.4241697759948
2022,CO2,Commercial,Auxiliary Equipment,246214.14630113772
2022,CO2,Commercial,Space Cooling,13151.616649465708
2022,CO2,Commercial,Space Heating,1832632.9923384623
2022,CO2,Commercial,Water Heating,319050.54450190644
2022,CO2,Industry,Industrial Processes,632707.687928421
2022,CO2,Industry,Space Cooling,1471.3871766970851
2022,CO2,Industry,Space Heating,40605.990357709095
2022,CO2,Industry,Water Heating,153311.31858359708
2022,CO2,Public,Auxiliary Equipment,17773.38555282443
2022,CO2,Public,Space Cooling,19280.35168743816
2022,CO2,Public,Space Heating,384306.36974625796
2022,CO2,Public,Water Heating,49273.11433548279
2022,CO2,Residential,Clothe Dryer,4478.9244712717355
2022,CO2,Residential,Range,2276.3423399658823
2022,CO2,Residential,Space Heating,2876092.6936710607
2022,CO2,Residential,Water Heating,987522.0004273971
2022,CO2e,Commercial,Auxiliary Equipment,249566.68303540768
2022,CO2e,Commercial,Space Cooling,13266.20759706352
2022,CO2e,Commercial,Space Heating,1844472.945611394
2022,CO2e,Commercial,Water Heating,321100.2027638047
2022,CO2e,Industry,Industrial Processes,636401.939224049
2022,CO2e,Industry,Space Cooling,1480.1212000494384
2022,CO2e,Industry,Space Heating,40864.343278067354
2022,CO2e,Industry,Water Heating,154306.79206442265
2022,CO2e,Public,Auxiliary Equipment,17887.68699483232
2022,CO2e,Public,Space Cooling,19443.120959545595
2022,CO2e,Public,Space Heating,386555.2024346867
2022,CO2e,Public,Water Heating,49577.07252218696
2022,CO2e,Residential,Clothe Dryer,4505.51096838484
2022,CO2e,Residential,Range,2289.854505540033
2022,CO2e,Residential,Space Heating,2896707.2736061355
2022,CO2e,Residential,Water Heating,1016425.9950342899
2022,N2O,Commercial,Auxiliary Equipment,10.934166791947218
2022,N2O,Commercial,Space Cooling,0.35787303284043903
2022,N2O,Commercial,Space Heating,37.20674985848015
2022,N2O,Commercial,Water Heating,6.440960004456574
2022,N2O,Industry,Industrial Processes,11.502928430748907
2022,N2O,Industry,Space Cooling,0.02727677499173622
2022,N2O,Industry,Space Heating,0.81269709561992
2022,N2O,Industry,Water Heating,3.1330778016259924
2022,N2O,Public,Auxiliary Equipment,0.356980544167273
2022,N2O,Public,Space Cooling,0.5083362536952236
2022,N2O,Public,Space Heating,7.027197881204697
2022,N2O,Public,Water Heating,0.9500327742849582
2022,N2O,Residential,Clothe Dryer,0.08303090916022818
2022,N2O,Residential,Range,0.04219914295487601
2022,N2O,Residential,Space Heating,54.18481597324641
2022,N2O,Residential,Water Heating,29.453312220122893
2023,CH4,Commercial,Auxiliary Equipment,2.574984458590555
2023,CH4,Commercial,Space Cooling,0.14951399580526023
2023,CH4,Commercial,Space Heating,36.60713992968229
2023,CH4,Commercial,Water Heating,4.128963432357077
2023,CH4,Industry,Industrial Processes,11.648946634164083
2023,CH4,Industry,Space Cooling,0.19358593818628328
2023,CH4,Industry,Space Heating,0.8868528523443295
2023,CH4,Industry,Water Heating,2.412102291287064
2023,CH4,Public,Auxiliary Equipment,0.014208752598161116
2023,CH4,Public,Space Cooling,0.06661234298354937
2023,CH4,Public,Space Heating,8.505956359165653
2023,CH4,Public,Water Heating,0.7103570849353719
2023,CH4,Residential,Clothe Dryer,0.023619060418386482
2023,CH4,Residential,Range,0.15683517702002586
2023,CH4,Residential,Space Heating,198.8749341395005
2023,CH4,Residential,Water Heating,847.6423311334638
2023,CO2,Commercial,Auxiliary Equipment,153577.50453121142
2023,CO2,Commercial,Space Cooling,6360.633490358182
2023,CO2,Commercial,Space Heating,1876659.8107773773
2023,CO2,Commercial,Water Heating,214481.57123856156
2023,CO2,Industry,Industrial Processes,576494.5735678122
2023,CO2,Industry,Space Cooling,9878.114899883862
2023,CO2,Industry,Space Heating,40840.98904463541
2023,CO2,Industry,Water Heating,115945.21703789316
2023,CO2,Public,Auxiliary Equipment,555.7501010840193
2023,CO2,Public,Space Cooling,2154.382554254586
2023,CO2,Public,Space Heating,442073.26591733674
2023,CO2,Public,Water Heating,39603.27440483567
2023,CO2,Residential,Clothe Dryer,1205.2104343219917
2023,CO2,Residential,Range,7651.347605003287
2023,CO2,Residential,Space Heating,2748626.4495566804
2023,CO2,Residential,Water Heating,691386.7521761542
2023,CO2e,Commercial,Auxiliary Equipment,156355.4822679248
2023,CO2e,Commercial,Space Cooling,6405.920051317568
2023,CO2e,Commercial,Space Heating,1888454.7019913103
2023,CO2e,Commercial,Water Heating,215851.64120726433
2023,CO2e,Industry,Industrial Processes,579942.237948333
2023,CO2e,Industry,Space Cooling,9936.750510944768
2023,CO2e,Industry,Space Heating,41153.32827959256
2023,CO2e,Industry,Water Heating,116723.55329776164
2023,CO2e,Public,Auxiliary Equipment,560.6559781903646
2023,CO2e,Public,Space Cooling,2174.5588857161406
2023,CO2e,Public,Space Heating,444663.57211263315
2023,CO2e,Public,Water Heating,39824.96108374795
2023,CO2e,Residential,Clothe Dryer,1212.3644562168256
2023,CO2e,Residential,Range,7698.851693600008
2023,CO2e,Residential,Space Heating,2768503.85362315
2023,CO2e,Residential,Water Heating,716019.990578692
2023,N2O,Commercial,Auxiliary Equipment,9.140614305647022
2023,N2O,Commercial,Space Cooling,0.1414321041861958
2023,N2O,Commercial,Space Heating,37.000474078549715
2023,N2O,Commercial,Water Heating,4.30658300880382
2023,N2O,Industry,Industrial Processes,10.74844463490989
2023,N2O,Industry,Space Cooling,0.18312183341945723
2023,N2O,Industry,Space Heating,0.9856218961675158
2023,N2O,Industry,Water Heating,2.4418862810449515
2023,N2O,Public,Auxiliary Equipment,0.015461386918737519
2023,N2O,Public,Space Cooling,0.06301165187550588
2023,N2O,Public,Space Heating,8.092889636756913
2023,N2O,Public,Water Heating,0.6938563091564315
2023,N2O,Residential,Clothe Dryer,0.02234235444982506
2023,N2O,Residential,Range,0.14835754993053257
2023,N2O,Residential,Space Heating,52.68802164274758
2023,N2O,Residential,Water Heating,22.928689425285995
2024,CH4,Commercial,Auxiliary Equipment,1.9303786616281104
2024,CH4,Commercial,Space Cooling,0.10570238789897207
2024,CH4,Commercial,Space Heating,36.394625933930016
2024,CH4,Commercial,Water Heating,3.996325782231221
2024,CH4,Industry,Industrial Processes,11.895940984357011
2024,CH4,Industry,Space Cooling,0.19446526336296663
2024,CH4,Industry,Space Heating,0.8731069490347796
2024,CH4,Industry,Water Heating,2.4366006252783508
2024,CH4,Public,Auxiliary Equipment,0.01698550325373386
2024,CH4,Public,Space Cooling,0.08176377597119232
2024,CH4,Public,Space Heating,6.831897476280007
2024,CH4,Public,Water Heating,0.5727414476561773
2024,CH4,Residential,Clothe Dryer,0.03878564218367346
2024,CH4,Residential,Range,0.2779076308639622
2024,CH4,Residential,Space Heating,214.94279190711345
2024,CH4,Residential,Water Heating,723.4961296127673
2024,CO2,Commercial,Auxiliary Equipment,119694.38154042137
2024,CO2,Commercial,Space Cooling,4276.962620201249
2024,CO2,Commercial,Space Heating,1864249.2628849891
2024,CO2,Commercial,Water Heating,205952.36926952653
2024,CO2,Industry,Industrial Processes,587862.4732724061
2024,CO2,Industry,Space Cooling,9922.984249440027
2024,CO2,Industry,Space Heating,40408.94539715208
2024,CO2,Industry,Water Heating,116896.431183039
2024,CO2,Public,Auxiliary Equipment,682.7862052430978
2024,CO2,Public,Space Cooling,2663.0706607382926
2024,CO2,Public,Space Heating,355360.3333344214
2024,CO2,Public,Water Heating,30682.70695724023
2024,CO2,Residential,Clothe Dryer,1979.1160119669064
2024,CO2,Residential,Range,10550.891836143568
2024,CO2,Residential,Space Heating,2563085.127912708
2024,CO2,Residential,Water Heating,463507.413924316
2024,CO2e,Commercial,Auxiliary Equipment,122182.10835680767
2024,CO2e,Commercial,Space Cooling,4308.979005155255
2024,CO2e,Commercial,Space Heating,1875794.7048696468
2024,CO2e,Commercial,Water Heating,207272.9814913257
2024,CO2e,Industry,Industrial Processes,591380.5571789133
2024,CO2e,Industry,Space Cooling,9981.88620096729
2024,CO2e,Industry,Space Heating,40712.97604840541
2024,CO2e,Industry,Water Heating,117677.2279731864
2024,CO2e,Public,Auxiliary Equipment,689.4363537672459
2024,CO2e,Public,Space Cooling,2687.8362369683946
2024,CO2e,Public,Space Heating,357444.8359991993
2024,CO2e,Public,Water Heating,30861.34935121837
2024,CO2e,Residential,Clothe Dryer,1990.8638685061612
2024,CO2e,Residential,Range,10635.067773976885
2024,CO2e,Residential,Space Heating,2582499.638660434
2024,CO2e,Residential,Water Heating,483787.68257032585
2024,N2O,Commercial,Auxiliary Equipment,8.212043169436832
2024,N2O,Commercial,Space Cooling,0.0999887074098204
2024,N2O,Commercial,Space Heating,36.178371946448486
2024,N2O,Commercial,Water Heating,4.149964363665608
2024,N2O,Industry,Industrial Processes,10.967346126965278
2024,N2O,Industry,Space Cooling,0.18395362750550903
2024,N2O,Industry,Space Heating,0.9587094138375152
2024,N2O,Industry,Water Heating,2.4484167013978544
2024,N2O,Public,Auxiliary Equipment,0.021118969650403652
2024,N2O,Public,Space Cooling,0.07734408367351449
2024,N2O,Public,Space Heating,6.513532945556161
2024,N2O,Public,Water Heating,0.5591101462326935
2024,N2O,Residential,Clothe Dryer,0.03668912098455601
2024,N2O,Residential,Range,0.26288549525226257
2024,N2O,Residential,Space Heating,50.002389656642364
2024,N2O,Residential,Water Heating,17.0699661883949
2025,CH4,Commercial,Auxiliary Equipment,1.0336645068339616
2025,CH4,Commercial,Space Cooling,0.05722654460657301
2025,CH4,Commercial,Space Heating,36.10182093368733
2025,CH4,Commercial,Water Heating,3.7677649635358796
2025,CH4,Industry,Industrial Processes,24.39359314137792
2025,CH4,Industry,Space Cooling,0.194533350938934
2025,CH4,Industry,Space Heating,0.8972386917778056
2025,CH4,Industry,Water Heating,2.465692669506627
2025,CH4,Public,Auxiliary Equipment,0.004208500431132592
2025,CH4,Public,Space Cooling,0.37925511849291155
2025,CH4,Public,Space Heating,4.528235661884257
2025,CH4,Public,Water Heating,0.24774051415390796
2025,CH4,Residential,Clothe Dryer,0.02609593777153767
2025,CH4,Residential,Range,0.3497392944219575
2025,CH4,Residential,Space Heating,233.0523338271097
2025,CH4,Residential,Water Heating,655.0968359182772
2025,CO2,Commercial,Auxiliary Equipment,64271.401717568035
2025,CO2,Commercial,Space Cooling,1333.0689606388987
2025,CO2,Commercial,Space Heating,1854920.4958687508
2025,CO2,Commercial,Water Heating,195895.36811058392
2025,CO2,Industry,Industrial Processes,440300.1340490163
2025,CO2,Industry,Space Cooling,9926.458556019115
2025,CO2,Industry,Space Heating,37423.58348566717
2025,CO2,Industry,Water Heating,108481.53134868032
2025,CO2,Public,Auxiliary Equipment,170.81013514599377
2025,CO2,Public,Space Cooling,2560.364392762995
2025,CO2,Public,Space Heating,239392.31679389154
2025,CO2,Public,Water Heating,13919.483915954783
2025,CO2,Residential,Clothe Dryer,1331.5981219638684
2025,CO2,Residential,Range,11042.758802746224
2025,CO2,Residential,Space Heating,2626222.3133404716
2025,CO2,Residential,Water Heating,229243.2034285409
2025,CO2e,Commercial,Auxiliary Equipment,65619.70052012558
2025,CO2e,Commercial,Space Cooling,1350.4024126147538
2025,CO2e,Commercial,Space Heating,1866952.67202307
2025,CO2e,Commercial,Water Heating,197165.20799560542
2025,CO2e,Industry,Industrial Processes,446514.6618847038
2025,CO2e,Industry,Space Cooling,9985.38113072108
2025,CO2e,Industry,Space Heating,37730.81679870806
2025,CO2e,Industry,Water Heating,109266.45891633116
2025,CO2e,Public,Auxiliary Equipment,172.63104584464344
2025,CO2e,Public,Space Cooling,2675.2376562312925
2025,CO2e,Public,Space Heating,240777.39368604636
2025,CO2e,Public,Water Heating,13997.245486174184
2025,CO2e,Residential,Clothe Dryer,1339.5023699261828
2025,CO2e,Residential,Range,11148.69196262637
2025,CO2e,Residential,Space Heating,2646722.8312560776
2025,CO2e,Residential,Water Heating,246476.78316335593
2025,N2O,Commercial,Auxiliary Equipment,4.451650496355552
2025,N2O,Commercial,Space Cooling,0.0541332031514059
2025,N2O,Commercial,Space Heating,37.83234199566959
2025,N2O,Commercial,Water Heating,3.9956940294865704
2025,N2O,Industry,Industrial Processes,19.13510865677301
2025,N2O,Industry,Space Cooling,0.18401803467196465
2025,N2O,Industry,Space Heating,0.9677560419918187
2025,N2O,Industry,Water Heating,2.460228260372838
2025,N2O,Public,Auxiliary Equipment,0.005813866408039932
2025,N2O,Public,Space Cooling,0.35875471805351816
2025,N2O,Public,Space Heating,4.328805178709123
2025,N2O,Public,Water Heating,0.24348664235627332
2025,N2O,Residential,Clothe Dryer,0.024685346540643756
2025,N2O,Residential,Range,0.3308343446217666
2025,N2O,Residential,Space Heating,52.37053323905734
2025,N2O,Residential,Water Heating,11.666262350774465
2030,CH4,Commercial,Auxiliary Equipment,0.24240670002592063
2030,CH4,Commercial,Space Cooling,0.27946729624766337
2030,CH4,Commercial,Space Heating,29.23037098469979
2030,CH4,Commercial,Water Heating,3.5955773753757896
2030,CH4,Industry,Industrial Processes,41.56281821344171
2030,CH4,Industry,Space Cooling,0.19564013070094993
2030,CH4,Industry,Space Heating,0.7114113168241732
2030,CH4,Industry,Water Heating,2.186563300527971
2030,CH4,Public,Auxiliary Equipment,0.004563364219037243
2030,CH4,Public,Space Cooling,0.36017648538497604
2030,CH4,Public,Space Heating,4.051359092801453
2030,CH4,Public,Water Heating,0.06925320260244959
2030,CH4,Residential,Range,0.5835291415800271
2030,CH4,Residential,Space Heating,683.7318033127642
2030,CH4,Residential,Water Heating,97.44407338088915
2030,CO2,Commercial,Auxiliary Equipment,13427.212678278835
2030,CO2,Commercial,Space Cooling,315.76626174176874
2030,CO2,Commercial,Space Heating,1234397.5608974148
2030,CO2,Commercial,Water Heating,102813.88253536286
2030,CO2,Industry,Industrial Processes,228753.65557798996
2030,CO2,Industry,Space Cooling,9982.934236848472
2030,CO2,Industry,Space Heating,39578.31152962525
2030,CO2,Industry,Water Heating,115197.95262859634
2030,CO2,Public,Auxiliary Equipment,227.00065965342958
2030,CO2,Public,Space Cooling,165.94345990069812
2030,CO2,Public,Space Heating,157865.90316925824
2030,CO2,Public,Water Heating,2857.080961006706
2030,CO2,Residential,Range,24060.2461232633
2030,CO2,Residential,Space Heating,1736191.688238655
2030,CO2,Residential,Water Heating,1473.9511789031149
2030,CO2e,Commercial,Auxiliary Equipment,13609.14508035301
2030,CO2e,Commercial,Space Cooling,400.41460895776333
2030,CO2e,Commercial,Space Heating,1244382.4457512235
2030,CO2e,Commercial,Water Heating,103964.62300584566
2030,CO2e,Industry,Industrial Processes,238584.0974120403
2030,CO2e,Industry,Space Cooling,10042.192046166458
2030,CO2e,Industry,Space Heating,39817.73552628905
2030,CO2e,Industry,Water Heating,115885.1425240695
2030,CO2e,Public,Auxiliary Equipment,229.02595375919842
2030,CO2e,Public,Space Cooling,275.0379571934522
2030,CO2e,Public,Space Heating,159103.35712861764
2030,CO2e,Public,Water Heating,2879.567558452811
2030,CO2e,Residential,Range,24236.99230448138
2030,CO2e,Residential,Space Heating,1762466.6083112229
2030,CO2e,Residential,Water Heating,3831.4080788199703
2030,N2O,Commercial,Auxiliary Equipment,0.5934290650122661
2030,N2O,Commercial,Space Cooling,0.26436085233152173
2030,N2O,Commercial,Space Heating,31.446466654790463
2030,N2O,Commercial,Water Heating,3.6081655892613558
2030,N2O,Industry,Industrial Processes,30.059136414658397
2030,N2O,Industry,Space Cooling,0.1850649885008986
2030,N2O,Industry,Space Heating,0.7533032181560056
2030,N2O,Industry,Water Heating,2.1519196851074747
2030,N2O,Public,Auxiliary Equipment,0.006474709587815496
2030,N2O,Public,Space Cooling,0.340707352683455
2030,N2O,Public,Space Heating,3.8670316054043297
2030,N2O,Public,Water Heating,0.07057812144783304
2030,N2O,Residential,Range,0.5519868095466537
2030,N2O,Residential,Space Heating,39.98843021140419
2030,N2O,Residential,Water Heating,1.0440649628126966
2035,CH4,Commercial,Auxiliary Equipment,0.16770741096498787
2035,CH4,Commercial,Space Cooling,0.0051484370390991125
2035,CH4,Commercial,Space Heating,16.285392324040494
2035,CH4,Commercial,Water Heating,2.253748091341647
2035,CH4,Industry,Industrial Processes,55.19182531874266
2035,CH4,Industry,Space Cooling,0.19519019305593496
2035,CH4,Industry,Space Heating,0.6026544863945589
2035,CH4,Industry,Water Heating,1.8541921552920744
2035,CH4,Public,Auxiliary Equipment,0.21244527860854961
2035,CH4,Public,Space Cooling,0.012053870153963052
2035,CH4,Public,Space Heating,2.3268581585550434
2035,CH4,Public,Water Heating,0.005531888143034048
2035,CH4,Residential,Range,0.9329551720364074
2035,CH4,Residential,Space Heating,497.95543343245095
2035,CH4,Residential,Water Heating,1.1104553435388027
2035,CO2,Commercial,Auxiliary Equipment,8588.30043800679
2035,CO2,Commercial,Space Cooling,204.80452310444042
2035,CO2,Commercial,Space Heating,569160.476489397
2035,CO2,Commercial,Water Heating,58791.15671585106
2035,CO2,Industry,Industrial Processes,67074.04403388243
2035,CO2,Industry,Space Cooling,9959.975256475816
2035,CO2,Industry,Space Heating,32539.51082121727
2035,CO2,Industry,Water Heating,96505.41792034252
2035,CO2,Public,Auxiliary Equipment,10844.235779551698
2035,CO2,Public,Space Cooling,121.0494381033406
2035,CO2,Public,Space Heating,121461.59135969692
2035,CO2,Public,Water Heating,174.55584083705756
2035,CO2,Residential,Range,47479.9887661637
2035,CO2,Residential,Space Heating,824390.9999036759
2035,CO2,Residential,Water Heating,250.46897896251454
2035,CO2e,Commercial,Auxiliary Equipment,8641.784569642314
2035,CO2e,Commercial,Space Cooling,206.36394237086915
2035,CO2e,Commercial,Space Heating,574730.9216395443
2035,CO2e,Commercial,Water Heating,59477.590570950124
2035,CO2e,Industry,Industrial Processes,79820.90294318827
2035,CO2e,Industry,Space Cooling,10019.096783329269
2035,CO2e,Industry,Space Heating,32734.784899820537
2035,CO2e,Industry,Water Heating,97080.05179795584
2035,CO2e,Public,Auxiliary Equipment,10908.915320175838
2035,CO2e,Public,Space Cooling,124.70045630757788
2035,CO2e,Public,Space Heating,122173.0562832037
2035,CO2e,Public,Water Heating,176.61402720846036
2035,CO2e,Residential,Range,47762.57322022987
2035,CO2e,Residential,Space Heating,841030.4836669695
2035,CO2e,Residential,Water Heating,279.3078330208402
2035,N2O,Commercial,Auxiliary Equipment,0.16765864431294578
2035,N2O,Commercial,Space Cooling,0.004870141236938374
2035,N2O,Commercial,Space Heating,17.545140642085983
2035,N2O,Commercial,Water Heating,2.1446481381908273
2035,N2O,Industry,Industrial Processes,38.88533750876596
2035,N2O,Industry,Space Cooling,0.1846393718096682
2035,N2O,Industry,Space Heating,0.6128132026475547
2035,N2O,Industry,Water Heating,1.7976370548731078
2035,N2O,Public,Auxiliary Equipment,0.2020744623267178
2035,N2O,Public,Space Cooling,0.011402305137597326
2035,N2O,Public,Space Heating,2.223492960325424
2035,N2O,Public,Water Heating,0.006516834632211738
2035,N2O,Residential,Range,0.8825248169577498
2035,N2O,Residential,Space Heating,20.74637470205202
2035,N2O,Residential,Water Heating,0.018521113570505204
2040,CH4,Commercial,Auxiliary Equipment,0.004582484610000266
2040,CH4,Commercial,Space Cooling,0.0020791811324904846
2040,CH4,Commercial,Space Heating,11.04671595816761
2040,CH4,Commercial,Water Heating,0.05160485914124066
2040,CH4,Industry,Industrial Processes,0.7209407836514519
2040,CH4,Industry,Space Cooling,0.045254611042171725
2040,CH4,Industry,Space Heating,0.08879931614180597
2040,CH4,Industry,Water Heating,0.11981867422089992
2040,CH4,Public,Auxiliary Equipment,0.002185954628436687
2040,CH4,Public,Space Cooling,0.001187173603803723
2040,CH4,Public,Space Heating,0.12616062519841306
2040,CH4,Public,Water Heating,0.003533009212917025
2040,CH4,Residential,Range,1.2530838289712787
2040,CH4,Residential,Space Heating,651.3318017910013
2040,CH4,Residential,Water Heating,0.7409995569972232
2040,CO2,Commercial,Auxiliary Equipment,242.1615662042418
2040,CO2,Commercial,Space Cooling,106.09440123629207
2040,CO2,Commercial,Space Heating,485691.89547868946
2040,CO2,Commercial,Water Heating,1330.1528429457849
2040,CO2,Industry,Industrial Processes,4.366155700217433
2040,CO2,Industry,Space Cooling,2309.208260746492
2040,CO2,Industry,Space Heating,3672.368967323848
2040,CO2,Industry,Water Heating,5196.279538221778
2040,CO2,Public,Auxiliary Equipment,115.13347808095234
2040,CO2,Public,Space Cooling,60.577922091962556
2040,CO2,Public,Space Heating,4202.499757613458
2040,CO2,Public,Water Heating,98.36751903095502
2040,CO2,Residential,Range,39401.15030107216
2040,CO2,Residential,Space Heating,8434.37618693591
2040,CO2,Residential,Water Heating,87.82212553818302
2040,CO2e,Commercial,Auxiliary Equipment,244.2789000600768
2040,CO2e,Commercial,Space Cooling,106.72416811345845
2040,CO2e,Commercial,Space Heating,489045.94437658484
2040,CO2e,Commercial,Water Heating,1346.4594645405439
2040,CO2e,Industry,Industrial Processes,169.90899944889182
2040,CO2e,Industry,Space Cooling,2322.9155155018866
2040,CO2e,Industry,Space Heating,3699.30188931683
2040,CO2e,Industry,Water Heating,5232.60801581577
2040,CO2e,Public,Auxiliary Equipment,116.10993473479803
2040,CO2e,Public,Space Cooling,60.937507219702795
2040,CO2e,Public,Space Heating,4242.880907582025
2040,CO2e,Public,Water Heating,99.66471240129306
2040,CO2e,Residential,Range,39780.699094328826
2040,CO2e,Residential,Space Heating,24238.27675003957
2040,CO2e,Residential,Water Heating,106.69820338183435
2040,N2O,Commercial,Auxiliary Equipment,0.006782220399412496
2040,N2O,Commercial,Space Cooling,0.001966792192563746
2040,N2O,Commercial,Space Heating,10.476737794542393
2040,N2O,Commercial,Water Heating,0.05108362266037898
2040,N2O,Industry,Industrial Processes,0.5047083466174292
2040,N2O,Industry,Space Cooling,0.04280841585070299
2040,N2O,Industry,Space Heating,0.084121262932892
2040,N2O,Industry,Water Heating,0.11346404508506872
2040,N2O,Public,Auxiliary Equipment,0.0031226563981492706
2040,N2O,Public,Space Cooling,0.0011230016176522863
2040,N2O,Public,Space Heating,0.12661670080334567
2040,N2O,Public,Water Heating,0.0041040274391500944
2040,N2O,Residential,Range,1.18534910351774
2040,N2O,Residential,Space Heating,7.134002434538874
2040,N2O,Residential,Water Heating,0.011124453512448453
2045,CH4,Commercial,Auxiliary Equipment,1.0104174188086408
2045,CH4,Commercial,Space Cooling,0.0036403929874999023
2045,CH4,Commercial,Space Heating,11.623526369926743
2045,CH4,Commercial,Water Heating,0.011779186731712962
2045,CH4,Industry,Industrial Processes,0.8288467227633151
2045,CH4,Industry,Space Cooling,0.0001091907528965735
2045,CH4,Industry,Space Heating,0.00021527516537284296
2045,CH4,Industry,Water Heating,0.0002156772317461161
2045,CH4,Public,Auxiliary Equipment,0.6774699430737262
2045,CH4,Public,Space Cooling,0.0017684179164238402
2045,CH4,Public,Space Heating,0.984291902469058
2045,CH4,Public,Water Heating,0.004620712537549937
2045,CH4,Residential,Range,1.6467446222150068
2045,CH4,Residential,Space Heating,692.5678418230071
2045,CH4,Residential,Water Heating,1.0344012046541582
2045,CO2,Commercial,Auxiliary Equipment,51571.477409314335
2045,CO2,Commercial,Space Cooling,185.7583777758556
2045,CO2,Commercial,Space Heating,591899.5730599251
2045,CO2,Commercial,Water Heating,364.24825627140297
2045,CO2,Industry,Industrial Processes,5.908020078758701
2045,CO2,Industry,Space Cooling,5.571679499154885
2045,CO2,Industry,Space Heating,10.822091000804791
2045,CO2,Industry,Water Heating,10.839989625826728
2045,CO2,Public,Auxiliary Equipment,34574.84747737237
2045,CO2,Public,Space Cooling,90.23708278546397
2045,CO2,Public,Space Heating,49776.10282668496
2045,CO2,Public,Water Heating,138.92668567243027
2045,CO2,Residential,Range,83858.5507973473
2045,CO2,Residential,Space Heating,44124.541301559475
2045,CO2,Residential,Water Heating,126.71536103221645
2045,CO2e,Commercial,Auxiliary Equipment,51878.65345434664
2045,CO2e,Commercial,Space Cooling,186.86102289299816
2045,CO2e,Commercial,Space Heating,595429.0542542
2045,CO2e,Commercial,Water Heating,368.605224257506
2045,CO2e,Industry,Industrial Processes,196.2309540452498
2045,CO2e,Industry,Space Cooling,5.604752492876827
2045,CO2e,Industry,Space Heating,10.92715358814242
2045,CO2e,Industry,Water Heating,10.94523757744262
2045,CO2e,Public,Auxiliary Equipment,34780.53608315903
2045,CO2e,Public,Space Cooling,90.77272203850836
2045,CO2e,Public,Space Heating,50077.12860044059
2045,CO2e,Public,Water Heating,140.63975769765352
2045,CO2e,Residential,Range,84357.33620955449
2045,CO2e,Residential,Space Heating,61095.416199723986
2045,CO2e,Residential,Water Heating,153.01315747118687
2045,N2O,Commercial,Auxiliary Equipment,0.9595881853601561
2045,N2O,Commercial,Space Cooling,0.0034436136389436834
2045,N2O,Commercial,Space Heating,11.024789062105237
2045,N2O,Commercial,Water Heating,0.013790621022607977
2045,N2O,Industry,Industrial Processes,0.5802589019747026
2045,N2O,Industry,Space Cooling,0.00010328855003729928
2045,N2O,Industry,Space Heating,0.0003373886203516747
2045,N2O,Industry,Water Heating,0.00033798231459470187
2045,N2O,Public,Auxiliary Equipment,0.6424890502755597
2045,N2O,Public,Space Cooling,0.0016728271033539558
2045,N2O,Public,Space Heating,0.9407907510194476
2045,N2O,Public,Water Heating,0.005422943160854696
2045,N2O,Residential,Range,1.5577307890627619
2045,N2O,Residential,Space Heating,8.144128254635506
2045,N2O,Residential,Water Heating,0.015353594433668362
2050,CH4,Commercial,Auxiliary Equipment,0.054216112141739554
2050,CH4,Commercial,Space Cooling,0.010650225635421104
2050,CH4,Commercial,Space Heating,9.982359885297988
2050,CH4,Commercial,Water Heating,0.03591771338680897
2050,CH4,Industry,Industrial Processes,0.8315932565750694
2050,CH4,Industry,Space Cooling,0.3838550605323175
2050,CH4,Industry,Space Heating,0.17402245264430505
2050,CH4,Industry,Water Heating,0.21265073708128857
2050,CH4,Public,Auxiliary Equipment,0.030716700624254363
2050,CH4,Public,Space Cooling,0.005970393633760774
2050,CH4,Public,Space Heating,0.10749170431442198
2050,CH4,Public,Water Heating,0.013935685782895293
2050,CH4,Residential,Range,1.8160776128314102
2050,CH4,Residential,Space Heating,726.1557177386244
2050,CH4,Residential,Water Heating,3.426222664400429
2050,CO2,Commercial,Auxiliary Equipment,2813.1141941980886
2050,CO2,Commercial,Space Cooling,543.4491945720763
2050,CO2,Commercial,Space Heating,507852.0091161713
2050,CO2,Commercial,Water Heating,1205.2803874870433
2050,CO2,Industry,Industrial Processes,22.245982785107667
2050,CO2,Industry,Space Cooling,19586.982548243664
2050,CO2,Industry,Space Heating,8878.94936319827
2050,CO2,Industry,Water Heating,10849.997350623393
2050,CO2,Public,Auxiliary Equipment,1587.566391984585
2050,CO2,Public,Space Cooling,304.6513494281711
2050,CO2,Public,Space Heating,4960.302368994295
2050,CO2,Public,Water Heating,455.1909200417194
2050,CO2,Residential,Range,92363.59963971746
2050,CO2,Residential,Space Heating,17089.492190988698
2050,CO2,Residential,Water Heating,431.66084005046673
2050,CO2e,Commercial,Auxiliary Equipment,2833.617819119936
2050,CO2e,Commercial,Space Cooling,546.6750603875773
2050,CO2e,Commercial,Space Heating,510900.6201340922
2050,CO2e,Commercial,Water Heating,1219.0910184179118
2050,CO2e,Industry,Industrial Processes,213.25115409751393
2050,CO2e,Industry,Space Cooling,19703.249133740577
2050,CO2e,Industry,Space Heating,8931.989986625433
2050,CO2e,Industry,Water Heating,10914.740095005942
2050,CO2e,Public,Auxiliary Equipment,1598.637302487842
2050,CO2e,Public,Space Cooling,306.4597325918273
2050,CO2e,Public,Space Heating,5000.757312295769
2050,CO2e,Public,Water Heating,460.5725230353718
2050,CO2e,Residential,Range,92913.67462310984
2050,CO2e,Residential,Space Heating,34729.311740034485
2050,CO2e,Residential,Water Heating,518.6719986332755
2050,N2O,Commercial,Auxiliary Equipment,0.06498351196935935
2050,N2O,Commercial,Space Cooling,0.01007453381596341
2050,N2O,Commercial,Space Heating,9.5267834239272
2050,N2O,Commercial,Water Heating,0.04381328506625794
2050,N2O,Industry,Industrial Processes,0.5823547413568116
2050,N2O,Industry,Space Cooling,0.3631061383413816
2050,N2O,Industry,Space Heating,0.16572534201889616
2050,N2O,Industry,Water Heating,0.20227207685851128
2050,N2O,Public,Auxiliary Equipment,0.03498610667834841
2050,N2O,Public,Space Cooling,0.005647667440761902
2050,N2O,Public,Space Heating,0.12817992453313706
2050,N2O,Public,Water Heating,0.017077025477218934
2050,N2O,Residential,Range,1.7179105822916891
2050,N2O,Residential,Space Heating,8.021978109176612
2050,N2O,Residential,Water Heating,0.050538532316777324
