regions,vintage,tech,group_name,max_share_g,tech_desc
TO,2040,RESBDGSDEOldRAG______STDNGA_23,NZ40-BDG-2-RESBDG,0,
TO,2040,RESBDGAPAOldRAG______STDNGA_23,NZ40-BDG-2-RESBDG,0,
TO,2040,RESBDGSATOldRAG______STDNGA_23,NZ40-BDG-2-RESBDG,0,
TO,2040,RESBDGAPANewRAG______STDNGA_23,NZ40-BDG-2-RESBDG,0,
TO,2040,RESBDGSDENewRAG______STDNGA_23,NZ40-BDG-2-RESBDG,0,
TO,2040,RESBDGSATNewRAG______STDNGA_23,NZ40-BDG-2-RESBDG,0,
TO,2040,RESBDGAPAOldSHFUR___HIGNGA_23,NZ40-BDG-2-RESBDG,0,
TO,2040,RESBDGSDEOldSHFUR___HIGNGA_23,NZ40-BDG-2-RESBDG,0,
TO,2040,RESBDGSATOldSHFUR___HIGNGA_23,NZ40-BDG-2-RESBDG,0,
TO,2040,RESBDGAPAOldWHWTK___HIGNGA_23,NZ40-BDG-2-RESBDG,0,
TO,2040,RESBDGSDEOldWHWTK___HIGNGA_23,NZ40-BDG-2-RESBDG,0,
TO,2040,RESBDGSATOldWHWTK___HIGNGA_23,NZ40-BDG-2-RESBDG,0,
TO,2040,RESBDGAPANewWHWTK___STDNGA_23,NZ40-BDG-2-RESBDG,0,
TO,2040,RESBDGSDENewSHFUR___HIGNGA_23,NZ40-BDG-2-RESBDG,0,
TO,2040,RESBDGSATNewWHWTK___STDNGA_23,NZ40-BDG-2-RESBDG,0,
TO,2040,RESBDGSATNewSHFUR___HIGNGA_23,NZ40-BDG-2-RESBDG,0,
TO,2040,RESBDGSDENewWHWTK___STDNGA_23,NZ40-BDG-2-RESBDG,0,
TO,2040,RESBDGAPANewSHFUR___ESRNGA_23,NZ40-BDG-2-RESBDG,0,
TO,2040,RESBDGAPANewSHFUR___HIGNGA_23,NZ40-BDG-2-RESBDG,0,
TO,2040,RESBDGSDENewSHFUR___ESRNGA_23,NZ40-BDG-2-RESBDG,0,
TO,2040,RESBDGSATNewSHFUR___ESRNGA_23,NZ40-BDG-2-RESBDG,0,
TO,2040,RESBDGSATOldWHWTK___ESRNGA_23,NZ40-BDG-2-RESBDG,0,
TO,2040,RESBDGSDEOldWHWTK___ESRNGA_23,NZ40-BDG-2-RESBDG,0,
TO,2040,RESBDGAPANewWHWTK___ESRNGA_23,NZ40-BDG-2-RESBDG,0,
TO,2040,RESBDGSDENewWHWTK___HIGNGA_23,NZ40-BDG-2-RESBDG,0,
TO,2040,RESBDGAPANewWHWTK___HIGNGA_23,NZ40-BDG-2-RESBDG,0,
TO,2040,RESBDGAPAOldWHWTK___ESRNGA_23,NZ40-BDG-2-RESBDG,0,
TO,2040,RESBDGAPANewWHSYS___STDPRO_23,NZ40-BDG-2-RESBDG,0,
TO,2040,RESBDGSDENewWHWTK___ESRNGA_23,NZ40-BDG-2-RESBDG,0,
TO,2040,RESBDGSATNewWHWTK___ESRNGA_23,NZ40-BDG-2-RESBDG,0,
TO,2040,RESBDGSDENewWHSYS___STDPRO_23,NZ40-BDG-2-RESBDG,0,
TO,2040,RESBDGSATNewWHSYS___STDBMA_23,NZ40-BDG-2-RESBDG,0,
TO,2040,RESBDGSATNewWHSYS___STDBWP_23,NZ40-BDG-2-RESBDG,0,
TO,2040,RESBDGSATNewWHSYS___STDLFO_23,NZ40-BDG-2-RESBDG,0,
TO,2040,RESBDGSATNewWHWTK___HIGNGA_23,NZ40-BDG-2-RESBDG,0,
TO,2040,RESBDGSATNewWHSYS___STDPRO_23,NZ40-BDG-2-RESBDG,0,
TO,2040,RESBDGSDENewWHSYS___STDBMA_23,NZ40-BDG-2-RESBDG,0,
TO,2040,RESBDGSDENewWHSYS___STDLFO_23,NZ40-BDG-2-RESBDG,0,
TO,2040,RESBDGSDENewWHSYS___STDBWP_23,NZ40-BDG-2-RESBDG,0,
TO,2040,RESBDGSATNewWHSYS___STDKER_23,NZ40-BDG-2-RESBDG,0,
TO,2040,RESBDGAPANewWHSYS___STDLFO_23,NZ40-BDG-2-RESBDG,0,
TO,2040,RESBDGSATOldWHSYS___STDBMA_23,NZ40-BDG-2-RESBDG,0,
TO,2040,RESBDGSATOldWHSYS___STDLFO_23,NZ40-BDG-2-RESBDG,0,
TO,2040,RESBDGSDENewWHSYS___STDKER_23,NZ40-BDG-2-RESBDG,0,
TO,2040,RESBDGSATOldWHSYS___STDBWP_23,NZ40-BDG-2-RESBDG,0,
TO,2040,RESBDGSDEOldWHSYS___STDBMA_23,NZ40-BDG-2-RESBDG,0,
TO,2040,RESBDGSDEOldWHSYS___STDLFO_23,NZ40-BDG-2-RESBDG,0,
TO,2040,RESBDGAPANewWHSYS___STDBMA_23,NZ40-BDG-2-RESBDG,0,
TO,2040,RESBDGSDEOldSHFUR___HIGPRO_23,NZ40-BDG-2-RESBDG,0,
TO,2040,RESBDGSDEOldWHSYS___STDBWP_23,NZ40-BDG-2-RESBDG,0,
TO,2040,RESBDGAPAOldSHFUR___HIGPRO_23,NZ40-BDG-2-RESBDG,0,
TO,2040,RESBDGAPANewWHSYS___STDBWP_23,NZ40-BDG-2-RESBDG,0,
TO,2040,RESBDGAPANewWHSYS___STDKER_23,NZ40-BDG-2-RESBDG,0,
TO,2040,RESBDGAPAOldWHSYS___STDBMA_23,NZ40-BDG-2-RESBDG,0,
TO,2040,RESBDGAPAOldWHSYS___STDLFO_23,NZ40-BDG-2-RESBDG,0,
TO,2040,RESBDGSATOldSHFUR___HIGPRO_23,NZ40-BDG-2-RESBDG,0,
TO,2040,RESBDGSATOldWHSYS___STDKER_23,NZ40-BDG-2-RESBDG,0,
TO,2040,RESBDGAPAOldWHSYS___STDBWP_23,NZ40-BDG-2-RESBDG,0,
TO,2040,RESBDGSDEOldWHSYS___STDKER_23,NZ40-BDG-2-RESBDG,0,
TO,2040,RESBDGSATNewSHFUR___STDNGA_23,NZ40-BDG-2-RESBDG,0,
TO,2040,RESBDGSATOldWHSYS___STDPRO_23,NZ40-BDG-2-RESBDG,0,
TO,2040,RESBDGAPAOldWHSYS___STDKER_23,NZ40-BDG-2-RESBDG,0,
TO,2040,RESBDGSDEOldWHSYS___STDPRO_23,NZ40-BDG-2-RESBDG,0,
TO,2040,RESBDGSDENewSHFUR___STDNGA_23,NZ40-BDG-2-RESBDG,0,
TO,2040,RESBDGSATNewSHFUR___HIGPRO_23,NZ40-BDG-2-RESBDG,0,
TO,2040,RESBDGSATNewWHSTHBCKSTDNGA_23,NZ40-BDG-2-RESBDG,0,
TO,2040,RESBDGAPAOldWHSYS___STDPRO_23,NZ40-BDG-2-RESBDG,0,
TO,2040,RESBDGAPANewSHFUR___STDNGA_23,NZ40-BDG-2-RESBDG,0,
TO,2040,RESBDGSATOldWHWTK___STDNGA_23,NZ40-BDG-2-RESBDG,0,
TO,2040,RESBDGSATNewSHFUR___ESRPRO_23,NZ40-BDG-2-RESBDG,0,
TO,2040,RESBDGSDEOldWHWTK___STDNGA_23,NZ40-BDG-2-RESBDG,0,
TO,2040,RESBDGSATNewRAG______HIGNGA_23,NZ40-BDG-2-RESBDG,0,
TO,2040,RESBDGSATNewSHFUR___STDPRO_23,NZ40-BDG-2-RESBDG,0,
TO,2040,RESBDGSATNewSHFUR___STDLFO_23,NZ40-BDG-2-RESBDG,0,
TO,2040,RESBDGSATNewSHFUR___STDKER_23,NZ40-BDG-2-RESBDG,0,
TO,2040,RESBDGSDENewWHSTHBCKSTDNGA_23,NZ40-BDG-2-RESBDG,0,
TO,2040,RESBDGAPAOldWHWTK___STDNGA_23,NZ40-BDG-2-RESBDG,0,
TO,2040,RESBDGSDENewSHFUR___HIGPRO_23,NZ40-BDG-2-RESBDG,0,
TO,2040,RESBDGSATNewSHFUR___HIGLFO_23,NZ40-BDG-2-RESBDG,0,
TO,2040,RESBDGSATOldWHSTHBCKSTDNGA_23,NZ40-BDG-2-RESBDG,0,
TO,2040,RESBDGSDENewRAG______HIGNGA_23,NZ40-BDG-2-RESBDG,0,
TO,2040,RESBDGSATNewSHFIR___STDPRO_23,NZ40-BDG-2-RESBDG,0,
TO,2040,RESBDGAPANewSHFUR___HIGPRO_23,NZ40-BDG-2-RESBDG,0,
TO,2040,RESBDGSATNewSHHEP___STDNGA_23,NZ40-BDG-2-RESBDG,0,
TO,2040,RESBDGSATNewSHFIR___HIGPRO_23,NZ40-BDG-2-RESBDG,0,
TO,2040,RESBDGSDENewSHFUR___ESRPRO_23,NZ40-BDG-2-RESBDG,0,
TO,2040,RESBDGSATNewSHPST___STDBWP_23,NZ40-BDG-2-RESBDG,0,
TO,2040,RESBDGSATNewSHPST___HIGBWP_23,NZ40-BDG-2-RESBDG,0,
TO,2040,RESBDGSDEOldWHSTHBCKSTDNGA_23,NZ40-BDG-2-RESBDG,0,
TO,2040,RESBDGAPANewWHSTHBCKSTDNGA_23,NZ40-BDG-2-RESBDG,0,
TO,2040,RESBDGSATOldSHFUR___ESRNGA_23,NZ40-BDG-2-RESBDG,0,
TO,2040,RESBDGSATNewSHSTV___STDBMA_23,NZ40-BDG-2-RESBDG,0,
TO,2040,RESBDGSATNewSHSTV___HIGBMA_23,NZ40-BDG-2-RESBDG,0,
TO,2040,RESBDGSDENewSHFUR___STDPRO_23,NZ40-BDG-2-RESBDG,0,
TO,2040,RESBDGSDENewSHFUR___STDLFO_23,NZ40-BDG-2-RESBDG,0,
TO,2040,RESBDGSATOldSHFUR___STDNGA_23,NZ40-BDG-2-RESBDG,0,
TO,2040,RESBDGAPAOldWHSTHBCKSTDNGA_23,NZ40-BDG-2-RESBDG,0,
TO,2040,RESBDGSDENewSHFUR___STDKER_23,NZ40-BDG-2-RESBDG,0,
TO,2040,RESBDGAPANewSHFUR___ESRPRO_23,NZ40-BDG-2-RESBDG,0,
TO,2040,RESBDGAPAOldSHFUR___ESRNGA_23,NZ40-BDG-2-RESBDG,0,
TO,2040,RESBDGAPAOldSHFUR___STDNGA_23,NZ40-BDG-2-RESBDG,0,
TO,2040,RESBDGSDEOldSHFUR___ESRNGA_23,NZ40-BDG-2-RESBDG,0,
TO,2040,RESBDGSATOldRAG______HIGNGA_23,NZ40-BDG-2-RESBDG,0,
TO,2040,RESBDGAPANewSHFUR___STDPRO_23,NZ40-BDG-2-RESBDG,0,
TO,2040,RESBDGAPANewSHFUR___STDLFO_23,NZ40-BDG-2-RESBDG,0,
TO,2040,RESBDGSDEOldSHFUR___STDNGA_23,NZ40-BDG-2-RESBDG,0,
TO,2040,RESBDGSATNewSHHEP___STDGEO_23,NZ40-BDG-2-RESBDG,0,
TO,2040,RESBDGAPANewSHFUR___STDKER_23,NZ40-BDG-2-RESBDG,0,
TO,2040,RESBDGSATNewSHHEP___ESRGEO_23,NZ40-BDG-2-RESBDG,0,
TO,2040,RESBDGSDENewSHHEP___STDNGA_23,NZ40-BDG-2-RESBDG,0,
TO,2040,RESBDGSATNewSHHEP___HIGGEO_23,NZ40-BDG-2-RESBDG,0,
TO,2040,RESBDGSATOldSHFUR___ESRPRO_23,NZ40-BDG-2-RESBDG,0,
TO,2040,RESBDGSDENewSHFUR___HIGLFO_23,NZ40-BDG-2-RESBDG,0,
TO,2040,RESBDGAPANewRAG______HIGNGA_23,NZ40-BDG-2-RESBDG,0,
TO,2040,RESBDGSDEOldRAG______HIGNGA_23,NZ40-BDG-2-RESBDG,0,
TO,2040,RESBDGSDENewSHFIR___STDPRO_23,NZ40-BDG-2-RESBDG,0,
TO,2040,RESBDGSDENewSHPST___STDBWP_23,NZ40-BDG-2-RESBDG,0,
TO,2040,RESBDGSDENewSHFIR___HIGPRO_23,NZ40-BDG-2-RESBDG,0,
TO,2040,RESBDGSDENewSHPST___HIGBWP_23,NZ40-BDG-2-RESBDG,0,
TO,2040,RESBDGAPAOldSHFUR___ESRPRO_23,NZ40-BDG-2-RESBDG,0,
TO,2040,RESBDGSATOldSHFUR___STDPRO_23,NZ40-BDG-2-RESBDG,0,
TO,2040,RESBDGSDEOldSHFUR___ESRPRO_23,NZ40-BDG-2-RESBDG,0,
TO,2040,RESBDGAPANewSHHEP___STDNGA_23,NZ40-BDG-2-RESBDG,0,
TO,2040,RESBDGAPAOldRAG______HIGNGA_23,NZ40-BDG-2-RESBDG,0,
TO,2040,RESBDGSATOldSHFUR___STDLFO_23,NZ40-BDG-2-RESBDG,0,
TO,2040,RESBDGSATNewSHBOI___STDHH2_23,NZ40-BDG-2-RESBDG,0,
TO,2040,RESBDGSDENewSHSTV___STDBMA_23,NZ40-BDG-2-RESBDG,0,
TO,2040,RESBDGSDENewSHSTV___HIGBMA_23,NZ40-BDG-2-RESBDG,0,
TO,2040,RESBDGAPANewSHFUR___HIGLFO_23,NZ40-BDG-2-RESBDG,0,
TO,2040,RESBDGSATOldSHFUR___STDKER_23,NZ40-BDG-2-RESBDG,0,
TO,2040,RESBDGAPAOldSHFUR___STDPRO_23,NZ40-BDG-2-RESBDG,0,
TO,2040,RESBDGAPANewSHFIR___STDPRO_23,NZ40-BDG-2-RESBDG,0,
TO,2040,RESBDGAPANewSHPST___STDBWP_23,NZ40-BDG-2-RESBDG,0,
TO,2040,RESBDGAPANewSHFIR___HIGPRO_23,NZ40-BDG-2-RESBDG,0,
TO,2040,RESBDGAPANewSHPST___HIGBWP_23,NZ40-BDG-2-RESBDG,0,
TO,2040,RESBDGAPAOldSHFUR___STDLFO_23,NZ40-BDG-2-RESBDG,0,
TO,2040,RESBDGSDEOldSHFUR___STDPRO_23,NZ40-BDG-2-RESBDG,0,
TO,2040,RESBDGAPAOldSHFUR___STDKER_23,NZ40-BDG-2-RESBDG,0,
TO,2040,RESBDGSDEOldSHFUR___STDLFO_23,NZ40-BDG-2-RESBDG,0,
TO,2040,RESBDGSDENewSHHEP___STDGEO_23,NZ40-BDG-2-RESBDG,0,
TO,2040,RESBDGAPANewSHSTV___STDBMA_23,NZ40-BDG-2-RESBDG,0,
TO,2040,RESBDGAPANewSHSTV___HIGBMA_23,NZ40-BDG-2-RESBDG,0,
TO,2040,RESBDGSATOldSHHEP___STDNGA_23,NZ40-BDG-2-RESBDG,0,
TO,2040,RESBDGSDENewSHHEP___ESRGEO_23,NZ40-BDG-2-RESBDG,0,
TO,2040,RESBDGSDEOldSHFUR___STDKER_23,NZ40-BDG-2-RESBDG,0,
TO,2040,RESBDGSDENewSHHEP___HIGGEO_23,NZ40-BDG-2-RESBDG,0,
TO,2040,RESBDGSATOldSHFUR___HIGLFO_23,NZ40-BDG-2-RESBDG,0,
TO,2040,RESBDGAPAOldSHHEP___STDNGA_23,NZ40-BDG-2-RESBDG,0,
TO,2040,RESBDGSATOldSHFIR___STDPRO_23,NZ40-BDG-2-RESBDG,0,
TO,2040,RESBDGSATOldSHPST___STDBWP_23,NZ40-BDG-2-RESBDG,0,
TO,2040,RESBDGSATOldSHFIR___HIGPRO_23,NZ40-BDG-2-RESBDG,0,
TO,2040,RESBDGSATOldSHPST___HIGBWP_23,NZ40-BDG-2-RESBDG,0,
TO,2040,RESBDGSDEOldSHHEP___STDNGA_23,NZ40-BDG-2-RESBDG,0,
TO,2040,RESBDGAPAOldSHFUR___HIGLFO_23,NZ40-BDG-2-RESBDG,0,
TO,2040,RESBDGAPANewSHHEP___STDGEO_23,NZ40-BDG-2-RESBDG,0,
TO,2040,RESBDGAPAOldSHFIR___STDPRO_23,NZ40-BDG-2-RESBDG,0,
TO,2040,RESBDGSATOldSHSTV___STDBMA_23,NZ40-BDG-2-RESBDG,0,
TO,2040,RESBDGSATOldSHSTV___HIGBMA_23,NZ40-BDG-2-RESBDG,0,
TO,2040,RESBDGAPAOldSHPST___STDBWP_23,NZ40-BDG-2-RESBDG,0,
TO,2040,RESBDGAPANewSHHEP___ESRGEO_23,NZ40-BDG-2-RESBDG,0,
TO,2040,RESBDGAPANewSHHEP___HIGGEO_23,NZ40-BDG-2-RESBDG,0,
TO,2040,RESBDGSDEOldSHFUR___HIGLFO_23,NZ40-BDG-2-RESBDG,0,
TO,2040,RESBDGAPAOldSHFIR___HIGPRO_23,NZ40-BDG-2-RESBDG,0,
TO,2040,RESBDGAPAOldSHPST___HIGBWP_23,NZ40-BDG-2-RESBDG,0,
TO,2040,RESBDGSDEOldSHFIR___STDPRO_23,NZ40-BDG-2-RESBDG,0,
TO,2040,RESBDGSDEOldSHPST___STDBWP_23,NZ40-BDG-2-RESBDG,0,
TO,2040,RESBDGSDEOldSHFIR___HIGPRO_23,NZ40-BDG-2-RESBDG,0,
TO,2040,RESBDGSDEOldSHPST___HIGBWP_23,NZ40-BDG-2-RESBDG,0,
TO,2040,RESBDGSDENewSHBOI___STDHH2_23,NZ40-BDG-2-RESBDG,0,
TO,2040,RESBDGAPAOldSHSTV___STDBMA_23,NZ40-BDG-2-RESBDG,0,
TO,2040,RESBDGAPAOldSHSTV___HIGBMA_23,NZ40-BDG-2-RESBDG,0,
TO,2040,RESBDGSATOldSHHEP___STDGEO_23,NZ40-BDG-2-RESBDG,0,
TO,2040,RESBDGSDEOldSHSTV___STDBMA_23,NZ40-BDG-2-RESBDG,0,
TO,2040,RESBDGSDEOldSHSTV___HIGBMA_23,NZ40-BDG-2-RESBDG,0,
TO,2040,RESBDGSATOldSHHEP___ESRGEO_23,NZ40-BDG-2-RESBDG,0,
TO,2040,RESBDGSATOldSHHEP___HIGGEO_23,NZ40-BDG-2-RESBDG,0,
TO,2040,RESBDGAPAOldSHHEP___STDGEO_23,NZ40-BDG-2-RESBDG,0,
TO,2040,RESBDGAPANewSHBOI___STDHH2_23,NZ40-BDG-2-RESBDG,0,
TO,2040,RESBDGAPAOldSHHEP___ESRGEO_23,NZ40-BDG-2-RESBDG,0,
TO,2040,RESBDGAPAOldSHHEP___HIGGEO_23,NZ40-BDG-2-RESBDG,0,
TO,2040,RESBDGSDEOldSHHEP___STDGEO_23,NZ40-BDG-2-RESBDG,0,
TO,2040,RESBDGSDEOldSHHEP___ESRGEO_23,NZ40-BDG-2-RESBDG,0,
TO,2040,RESBDGSDEOldSHHEP___HIGGEO_23,NZ40-BDG-2-RESBDG,0,
TO,2040,RESBDGSATOldSHBOI___STDHH2_23,NZ40-BDG-2-RESBDG,0,
TO,2040,RESBDGAPAOldSHBOI___STDHH2_23,NZ40-BDG-2-RESBDG,0,
TO,2040,RESBDGSDEOldSHBOI___STDHH2_23,NZ40-BDG-2-RESBDG,0,
TO,2045,RESBDGSDEOldRAG______STDNGA_23,NZ40-BDG-2-RESBDG,0,
TO,2045,RESBDGAPAOldRAG______STDNGA_23,NZ40-BDG-2-RESBDG,0,
TO,2045,RESBDGSATOldRAG______STDNGA_23,NZ40-BDG-2-RESBDG,0,
TO,2045,RESBDGAPANewRAG______STDNGA_23,NZ40-BDG-2-RESBDG,0,
TO,2045,RESBDGSDENewRAG______STDNGA_23,NZ40-BDG-2-RESBDG,0,
TO,2045,RESBDGSATNewRAG______STDNGA_23,NZ40-BDG-2-RESBDG,0,
TO,2045,RESBDGAPAOldSHFUR___HIGNGA_23,NZ40-BDG-2-RESBDG,0,
TO,2045,RESBDGSDEOldSHFUR___HIGNGA_23,NZ40-BDG-2-RESBDG,0,
TO,2045,RESBDGSATOldSHFUR___HIGNGA_23,NZ40-BDG-2-RESBDG,0,
TO,2045,RESBDGAPAOldWHWTK___HIGNGA_23,NZ40-BDG-2-RESBDG,0,
TO,2045,RESBDGSDEOldWHWTK___HIGNGA_23,NZ40-BDG-2-RESBDG,0,
TO,2045,RESBDGSATOldWHWTK___HIGNGA_23,NZ40-BDG-2-RESBDG,0,
TO,2045,RESBDGAPANewWHWTK___STDNGA_23,NZ40-BDG-2-RESBDG,0,
TO,2045,RESBDGSDENewSHFUR___HIGNGA_23,NZ40-BDG-2-RESBDG,0,
TO,2045,RESBDGSATNewWHWTK___STDNGA_23,NZ40-BDG-2-RESBDG,0,
TO,2045,RESBDGSATNewSHFUR___HIGNGA_23,NZ40-BDG-2-RESBDG,0,
TO,2045,RESBDGSDENewWHWTK___STDNGA_23,NZ40-BDG-2-RESBDG,0,
TO,2045,RESBDGAPANewSHFUR___ESRNGA_23,NZ40-BDG-2-RESBDG,0,
TO,2045,RESBDGAPANewSHFUR___HIGNGA_23,NZ40-BDG-2-RESBDG,0,
TO,2045,RESBDGSDENewSHFUR___ESRNGA_23,NZ40-BDG-2-RESBDG,0,
TO,2045,RESBDGSATNewSHFUR___ESRNGA_23,NZ40-BDG-2-RESBDG,0,
TO,2045,RESBDGSATOldWHWTK___ESRNGA_23,NZ40-BDG-2-RESBDG,0,
TO,2045,RESBDGSDEOldWHWTK___ESRNGA_23,NZ40-BDG-2-RESBDG,0,
TO,2045,RESBDGAPANewWHWTK___ESRNGA_23,NZ40-BDG-2-RESBDG,0,
TO,2045,RESBDGSDENewWHWTK___HIGNGA_23,NZ40-BDG-2-RESBDG,0,
TO,2045,RESBDGAPANewWHWTK___HIGNGA_23,NZ40-BDG-2-RESBDG,0,
TO,2045,RESBDGAPAOldWHWTK___ESRNGA_23,NZ40-BDG-2-RESBDG,0,
TO,2045,RESBDGAPANewWHSYS___STDPRO_23,NZ40-BDG-2-RESBDG,0,
TO,2045,RESBDGSDENewWHWTK___ESRNGA_23,NZ40-BDG-2-RESBDG,0,
TO,2045,RESBDGSATNewWHWTK___ESRNGA_23,NZ40-BDG-2-RESBDG,0,
TO,2045,RESBDGSDENewWHSYS___STDPRO_23,NZ40-BDG-2-RESBDG,0,
TO,2045,RESBDGSATNewWHSYS___STDBMA_23,NZ40-BDG-2-RESBDG,0,
TO,2045,RESBDGSATNewWHSYS___STDBWP_23,NZ40-BDG-2-RESBDG,0,
TO,2045,RESBDGSATNewWHSYS___STDLFO_23,NZ40-BDG-2-RESBDG,0,
TO,2045,RESBDGSATNewWHWTK___HIGNGA_23,NZ40-BDG-2-RESBDG,0,
TO,2045,RESBDGSATNewWHSYS___STDPRO_23,NZ40-BDG-2-RESBDG,0,
TO,2045,RESBDGSDENewWHSYS___STDBMA_23,NZ40-BDG-2-RESBDG,0,
TO,2045,RESBDGSDENewWHSYS___STDLFO_23,NZ40-BDG-2-RESBDG,0,
TO,2045,RESBDGSDENewWHSYS___STDBWP_23,NZ40-BDG-2-RESBDG,0,
TO,2045,RESBDGSATNewWHSYS___STDKER_23,NZ40-BDG-2-RESBDG,0,
TO,2045,RESBDGAPANewWHSYS___STDLFO_23,NZ40-BDG-2-RESBDG,0,
TO,2045,RESBDGSATOldWHSYS___STDBMA_23,NZ40-BDG-2-RESBDG,0,
TO,2045,RESBDGSATOldWHSYS___STDLFO_23,NZ40-BDG-2-RESBDG,0,
TO,2045,RESBDGSDENewWHSYS___STDKER_23,NZ40-BDG-2-RESBDG,0,
TO,2045,RESBDGSATOldWHSYS___STDBWP_23,NZ40-BDG-2-RESBDG,0,
TO,2045,RESBDGSDEOldWHSYS___STDBMA_23,NZ40-BDG-2-RESBDG,0,
TO,2045,RESBDGSDEOldWHSYS___STDLFO_23,NZ40-BDG-2-RESBDG,0,
TO,2045,RESBDGAPANewWHSYS___STDBMA_23,NZ40-BDG-2-RESBDG,0,
TO,2045,RESBDGSDEOldSHFUR___HIGPRO_23,NZ40-BDG-2-RESBDG,0,
TO,2045,RESBDGSDEOldWHSYS___STDBWP_23,NZ40-BDG-2-RESBDG,0,
TO,2045,RESBDGAPAOldSHFUR___HIGPRO_23,NZ40-BDG-2-RESBDG,0,
TO,2045,RESBDGAPANewWHSYS___STDBWP_23,NZ40-BDG-2-RESBDG,0,
TO,2045,RESBDGAPANewWHSYS___STDKER_23,NZ40-BDG-2-RESBDG,0,
TO,2045,RESBDGAPAOldWHSYS___STDBMA_23,NZ40-BDG-2-RESBDG,0,
TO,2045,RESBDGAPAOldWHSYS___STDLFO_23,NZ40-BDG-2-RESBDG,0,
TO,2045,RESBDGSATOldSHFUR___HIGPRO_23,NZ40-BDG-2-RESBDG,0,
TO,2045,RESBDGSATOldWHSYS___STDKER_23,NZ40-BDG-2-RESBDG,0,
TO,2045,RESBDGAPAOldWHSYS___STDBWP_23,NZ40-BDG-2-RESBDG,0,
TO,2045,RESBDGSDEOldWHSYS___STDKER_23,NZ40-BDG-2-RESBDG,0,
TO,2045,RESBDGSATNewSHFUR___STDNGA_23,NZ40-BDG-2-RESBDG,0,
TO,2045,RESBDGSATOldWHSYS___STDPRO_23,NZ40-BDG-2-RESBDG,0,
TO,2045,RESBDGAPAOldWHSYS___STDKER_23,NZ40-BDG-2-RESBDG,0,
TO,2045,RESBDGSDEOldWHSYS___STDPRO_23,NZ40-BDG-2-RESBDG,0,
TO,2045,RESBDGSDENewSHFUR___STDNGA_23,NZ40-BDG-2-RESBDG,0,
TO,2045,RESBDGSATNewSHFUR___HIGPRO_23,NZ40-BDG-2-RESBDG,0,
TO,2045,RESBDGSATNewWHSTHBCKSTDNGA_23,NZ40-BDG-2-RESBDG,0,
TO,2045,RESBDGAPAOldWHSYS___STDPRO_23,NZ40-BDG-2-RESBDG,0,
TO,2045,RESBDGAPANewSHFUR___STDNGA_23,NZ40-BDG-2-RESBDG,0,
TO,2045,RESBDGSATOldWHWTK___STDNGA_23,NZ40-BDG-2-RESBDG,0,
TO,2045,RESBDGSATNewSHFUR___ESRPRO_23,NZ40-BDG-2-RESBDG,0,
TO,2045,RESBDGSDEOldWHWTK___STDNGA_23,NZ40-BDG-2-RESBDG,0,
TO,2045,RESBDGSATNewRAG______HIGNGA_23,NZ40-BDG-2-RESBDG,0,
TO,2045,RESBDGSATNewSHFUR___STDPRO_23,NZ40-BDG-2-RESBDG,0,
TO,2045,RESBDGSATNewSHFUR___STDLFO_23,NZ40-BDG-2-RESBDG,0,
TO,2045,RESBDGSATNewSHFUR___STDKER_23,NZ40-BDG-2-RESBDG,0,
TO,2045,RESBDGSDENewWHSTHBCKSTDNGA_23,NZ40-BDG-2-RESBDG,0,
TO,2045,RESBDGAPAOldWHWTK___STDNGA_23,NZ40-BDG-2-RESBDG,0,
TO,2045,RESBDGSDENewSHFUR___HIGPRO_23,NZ40-BDG-2-RESBDG,0,
TO,2045,RESBDGSATNewSHFUR___HIGLFO_23,NZ40-BDG-2-RESBDG,0,
TO,2045,RESBDGSATOldWHSTHBCKSTDNGA_23,NZ40-BDG-2-RESBDG,0,
TO,2045,RESBDGSDENewRAG______HIGNGA_23,NZ40-BDG-2-RESBDG,0,
TO,2045,RESBDGSATNewSHFIR___STDPRO_23,NZ40-BDG-2-RESBDG,0,
TO,2045,RESBDGAPANewSHFUR___HIGPRO_23,NZ40-BDG-2-RESBDG,0,
TO,2045,RESBDGSATNewSHHEP___STDNGA_23,NZ40-BDG-2-RESBDG,0,
TO,2045,RESBDGSATNewSHFIR___HIGPRO_23,NZ40-BDG-2-RESBDG,0,
TO,2045,RESBDGSDENewSHFUR___ESRPRO_23,NZ40-BDG-2-RESBDG,0,
TO,2045,RESBDGSATNewSHPST___STDBWP_23,NZ40-BDG-2-RESBDG,0,
TO,2045,RESBDGSATNewSHPST___HIGBWP_23,NZ40-BDG-2-RESBDG,0,
TO,2045,RESBDGSDEOldWHSTHBCKSTDNGA_23,NZ40-BDG-2-RESBDG,0,
TO,2045,RESBDGAPANewWHSTHBCKSTDNGA_23,NZ40-BDG-2-RESBDG,0,
TO,2045,RESBDGSATOldSHFUR___ESRNGA_23,NZ40-BDG-2-RESBDG,0,
TO,2045,RESBDGSATNewSHSTV___STDBMA_23,NZ40-BDG-2-RESBDG,0,
TO,2045,RESBDGSATNewSHSTV___HIGBMA_23,NZ40-BDG-2-RESBDG,0,
TO,2045,RESBDGSDENewSHFUR___STDPRO_23,NZ40-BDG-2-RESBDG,0,
TO,2045,RESBDGSDENewSHFUR___STDLFO_23,NZ40-BDG-2-RESBDG,0,
TO,2045,RESBDGSATOldSHFUR___STDNGA_23,NZ40-BDG-2-RESBDG,0,
TO,2045,RESBDGAPAOldWHSTHBCKSTDNGA_23,NZ40-BDG-2-RESBDG,0,
TO,2045,RESBDGSDENewSHFUR___STDKER_23,NZ40-BDG-2-RESBDG,0,
TO,2045,RESBDGAPANewSHFUR___ESRPRO_23,NZ40-BDG-2-RESBDG,0,
TO,2045,RESBDGAPAOldSHFUR___ESRNGA_23,NZ40-BDG-2-RESBDG,0,
TO,2045,RESBDGAPAOldSHFUR___STDNGA_23,NZ40-BDG-2-RESBDG,0,
TO,2045,RESBDGSDEOldSHFUR___ESRNGA_23,NZ40-BDG-2-RESBDG,0,
TO,2045,RESBDGSATOldRAG______HIGNGA_23,NZ40-BDG-2-RESBDG,0,
TO,2045,RESBDGAPANewSHFUR___STDPRO_23,NZ40-BDG-2-RESBDG,0,
TO,2045,RESBDGAPANewSHFUR___STDLFO_23,NZ40-BDG-2-RESBDG,0,
TO,2045,RESBDGSDEOldSHFUR___STDNGA_23,NZ40-BDG-2-RESBDG,0,
TO,2045,RESBDGSATNewSHHEP___STDGEO_23,NZ40-BDG-2-RESBDG,0,
TO,2045,RESBDGAPANewSHFUR___STDKER_23,NZ40-BDG-2-RESBDG,0,
TO,2045,RESBDGSATNewSHHEP___ESRGEO_23,NZ40-BDG-2-RESBDG,0,
TO,2045,RESBDGSDENewSHHEP___STDNGA_23,NZ40-BDG-2-RESBDG,0,
TO,2045,RESBDGSATNewSHHEP___HIGGEO_23,NZ40-BDG-2-RESBDG,0,
TO,2045,RESBDGSATOldSHFUR___ESRPRO_23,NZ40-BDG-2-RESBDG,0,
TO,2045,RESBDGSDENewSHFUR___HIGLFO_23,NZ40-BDG-2-RESBDG,0,
TO,2045,RESBDGAPANewRAG______HIGNGA_23,NZ40-BDG-2-RESBDG,0,
TO,2045,RESBDGSDEOldRAG______HIGNGA_23,NZ40-BDG-2-RESBDG,0,
TO,2045,RESBDGSDENewSHFIR___STDPRO_23,NZ40-BDG-2-RESBDG,0,
TO,2045,RESBDGSDENewSHPST___STDBWP_23,NZ40-BDG-2-RESBDG,0,
TO,2045,RESBDGSDENewSHFIR___HIGPRO_23,NZ40-BDG-2-RESBDG,0,
TO,2045,RESBDGSDENewSHPST___HIGBWP_23,NZ40-BDG-2-RESBDG,0,
TO,2045,RESBDGAPAOldSHFUR___ESRPRO_23,NZ40-BDG-2-RESBDG,0,
TO,2045,RESBDGSATOldSHFUR___STDPRO_23,NZ40-BDG-2-RESBDG,0,
TO,2045,RESBDGSDEOldSHFUR___ESRPRO_23,NZ40-BDG-2-RESBDG,0,
TO,2045,RESBDGAPANewSHHEP___STDNGA_23,NZ40-BDG-2-RESBDG,0,
TO,2045,RESBDGAPAOldRAG______HIGNGA_23,NZ40-BDG-2-RESBDG,0,
TO,2045,RESBDGSATOldSHFUR___STDLFO_23,NZ40-BDG-2-RESBDG,0,
TO,2045,RESBDGSATNewSHBOI___STDHH2_23,NZ40-BDG-2-RESBDG,0,
TO,2045,RESBDGSDENewSHSTV___STDBMA_23,NZ40-BDG-2-RESBDG,0,
TO,2045,RESBDGSDENewSHSTV___HIGBMA_23,NZ40-BDG-2-RESBDG,0,
TO,2045,RESBDGAPANewSHFUR___HIGLFO_23,NZ40-BDG-2-RESBDG,0,
TO,2045,RESBDGSATOldSHFUR___STDKER_23,NZ40-BDG-2-RESBDG,0,
TO,2045,RESBDGAPAOldSHFUR___STDPRO_23,NZ40-BDG-2-RESBDG,0,
TO,2045,RESBDGAPANewSHFIR___STDPRO_23,NZ40-BDG-2-RESBDG,0,
TO,2045,RESBDGAPANewSHPST___STDBWP_23,NZ40-BDG-2-RESBDG,0,
TO,2045,RESBDGAPANewSHFIR___HIGPRO_23,NZ40-BDG-2-RESBDG,0,
TO,2045,RESBDGAPANewSHPST___HIGBWP_23,NZ40-BDG-2-RESBDG,0,
TO,2045,RESBDGAPAOldSHFUR___STDLFO_23,NZ40-BDG-2-RESBDG,0,
TO,2045,RESBDGSDEOldSHFUR___STDPRO_23,NZ40-BDG-2-RESBDG,0,
TO,2045,RESBDGAPAOldSHFUR___STDKER_23,NZ40-BDG-2-RESBDG,0,
TO,2045,RESBDGSDEOldSHFUR___STDLFO_23,NZ40-BDG-2-RESBDG,0,
TO,2045,RESBDGSDENewSHHEP___STDGEO_23,NZ40-BDG-2-RESBDG,0,
TO,2045,RESBDGAPANewSHSTV___STDBMA_23,NZ40-BDG-2-RESBDG,0,
TO,2045,RESBDGAPANewSHSTV___HIGBMA_23,NZ40-BDG-2-RESBDG,0,
TO,2045,RESBDGSATOldSHHEP___STDNGA_23,NZ40-BDG-2-RESBDG,0,
TO,2045,RESBDGSDENewSHHEP___ESRGEO_23,NZ40-BDG-2-RESBDG,0,
TO,2045,RESBDGSDEOldSHFUR___STDKER_23,NZ40-BDG-2-RESBDG,0,
TO,2045,RESBDGSDENewSHHEP___HIGGEO_23,NZ40-BDG-2-RESBDG,0,
TO,2045,RESBDGSATOldSHFUR___HIGLFO_23,NZ40-BDG-2-RESBDG,0,
TO,2045,RESBDGAPAOldSHHEP___STDNGA_23,NZ40-BDG-2-RESBDG,0,
TO,2045,RESBDGSATOldSHFIR___STDPRO_23,NZ40-BDG-2-RESBDG,0,
TO,2045,RESBDGSATOldSHPST___STDBWP_23,NZ40-BDG-2-RESBDG,0,
TO,2045,RESBDGSATOldSHFIR___HIGPRO_23,NZ40-BDG-2-RESBDG,0,
TO,2045,RESBDGSATOldSHPST___HIGBWP_23,NZ40-BDG-2-RESBDG,0,
TO,2045,RESBDGSDEOldSHHEP___STDNGA_23,NZ40-BDG-2-RESBDG,0,
TO,2045,RESBDGAPAOldSHFUR___HIGLFO_23,NZ40-BDG-2-RESBDG,0,
TO,2045,RESBDGAPANewSHHEP___STDGEO_23,NZ40-BDG-2-RESBDG,0,
TO,2045,RESBDGAPAOldSHFIR___STDPRO_23,NZ40-BDG-2-RESBDG,0,
TO,2045,RESBDGSATOldSHSTV___STDBMA_23,NZ40-BDG-2-RESBDG,0,
TO,2045,RESBDGSATOldSHSTV___HIGBMA_23,NZ40-BDG-2-RESBDG,0,
TO,2045,RESBDGAPAOldSHPST___STDBWP_23,NZ40-BDG-2-RESBDG,0,
TO,2045,RESBDGAPANewSHHEP___ESRGEO_23,NZ40-BDG-2-RESBDG,0,
TO,2045,RESBDGAPANewSHHEP___HIGGEO_23,NZ40-BDG-2-RESBDG,0,
TO,2045,RESBDGSDEOldSHFUR___HIGLFO_23,NZ40-BDG-2-RESBDG,0,
TO,2045,RESBDGAPAOldSHFIR___HIGPRO_23,NZ40-BDG-2-RESBDG,0,
TO,2045,RESBDGAPAOldSHPST___HIGBWP_23,NZ40-BDG-2-RESBDG,0,
TO,2045,RESBDGSDEOldSHFIR___STDPRO_23,NZ40-BDG-2-RESBDG,0,
TO,2045,RESBDGSDEOldSHPST___STDBWP_23,NZ40-BDG-2-RESBDG,0,
TO,2045,RESBDGSDEOldSHFIR___HIGPRO_23,NZ40-BDG-2-RESBDG,0,
TO,2045,RESBDGSDEOldSHPST___HIGBWP_23,NZ40-BDG-2-RESBDG,0,
TO,2045,RESBDGSDENewSHBOI___STDHH2_23,NZ40-BDG-2-RESBDG,0,
TO,2045,RESBDGAPAOldSHSTV___STDBMA_23,NZ40-BDG-2-RESBDG,0,
TO,2045,RESBDGAPAOldSHSTV___HIGBMA_23,NZ40-BDG-2-RESBDG,0,
TO,2045,RESBDGSATOldSHHEP___STDGEO_23,NZ40-BDG-2-RESBDG,0,
TO,2045,RESBDGSDEOldSHSTV___STDBMA_23,NZ40-BDG-2-RESBDG,0,
TO,2045,RESBDGSDEOldSHSTV___HIGBMA_23,NZ40-BDG-2-RESBDG,0,
TO,2045,RESBDGSATOldSHHEP___ESRGEO_23,NZ40-BDG-2-RESBDG,0,
TO,2045,RESBDGSATOldSHHEP___HIGGEO_23,NZ40-BDG-2-RESBDG,0,
TO,2045,RESBDGAPAOldSHHEP___STDGEO_23,NZ40-BDG-2-RESBDG,0,
TO,2045,RESBDGAPANewSHBOI___STDHH2_23,NZ40-BDG-2-RESBDG,0,
TO,2045,RESBDGAPAOldSHHEP___ESRGEO_23,NZ40-BDG-2-RESBDG,0,
TO,2045,RESBDGAPAOldSHHEP___HIGGEO_23,NZ40-BDG-2-RESBDG,0,
TO,2045,RESBDGSDEOldSHHEP___STDGEO_23,NZ40-BDG-2-RESBDG,0,
TO,2045,RESBDGSDEOldSHHEP___ESRGEO_23,NZ40-BDG-2-RESBDG,0,
TO,2045,RESBDGSDEOldSHHEP___HIGGEO_23,NZ40-BDG-2-RESBDG,0,
TO,2045,RESBDGSATOldSHBOI___STDHH2_23,NZ40-BDG-2-RESBDG,0,
TO,2045,RESBDGAPAOldSHBOI___STDHH2_23,NZ40-BDG-2-RESBDG,0,
TO,2045,RESBDGSDEOldSHBOI___STDHH2_23,NZ40-BDG-2-RESBDG,0,
TO,2050,RESBDGSDEOldRAG______STDNGA_23,NZ40-BDG-2-RESBDG,0,
TO,2050,RESBDGAPAOldRAG______STDNGA_23,NZ40-BDG-2-RESBDG,0,
TO,2050,RESBDGSATOldRAG______STDNGA_23,NZ40-BDG-2-RESBDG,0,
TO,2050,RESBDGAPANewRAG______STDNGA_23,NZ40-BDG-2-RESBDG,0,
TO,2050,RESBDGSDENewRAG______STDNGA_23,NZ40-BDG-2-RESBDG,0,
TO,2050,RESBDGSATNewRAG______STDNGA_23,NZ40-BDG-2-RESBDG,0,
TO,2050,RESBDGAPAOldSHFUR___HIGNGA_23,NZ40-BDG-2-RESBDG,0,
TO,2050,RESBDGSDEOldSHFUR___HIGNGA_23,NZ40-BDG-2-RESBDG,0,
TO,2050,RESBDGSATOldSHFUR___HIGNGA_23,NZ40-BDG-2-RESBDG,0,
TO,2050,RESBDGAPAOldWHWTK___HIGNGA_23,NZ40-BDG-2-RESBDG,0,
TO,2050,RESBDGSDEOldWHWTK___HIGNGA_23,NZ40-BDG-2-RESBDG,0,
TO,2050,RESBDGSATOldWHWTK___HIGNGA_23,NZ40-BDG-2-RESBDG,0,
TO,2050,RESBDGAPANewWHWTK___STDNGA_23,NZ40-BDG-2-RESBDG,0,
TO,2050,RESBDGSDENewSHFUR___HIGNGA_23,NZ40-BDG-2-RESBDG,0,
TO,2050,RESBDGSATNewWHWTK___STDNGA_23,NZ40-BDG-2-RESBDG,0,
TO,2050,RESBDGSATNewSHFUR___HIGNGA_23,NZ40-BDG-2-RESBDG,0,
TO,2050,RESBDGSDENewWHWTK___STDNGA_23,NZ40-BDG-2-RESBDG,0,
TO,2050,RESBDGAPANewSHFUR___ESRNGA_23,NZ40-BDG-2-RESBDG,0,
TO,2050,RESBDGAPANewSHFUR___HIGNGA_23,NZ40-BDG-2-RESBDG,0,
TO,2050,RESBDGSDENewSHFUR___ESRNGA_23,NZ40-BDG-2-RESBDG,0,
TO,2050,RESBDGSATNewSHFUR___ESRNGA_23,NZ40-BDG-2-RESBDG,0,
TO,2050,RESBDGSATOldWHWTK___ESRNGA_23,NZ40-BDG-2-RESBDG,0,
TO,2050,RESBDGSDEOldWHWTK___ESRNGA_23,NZ40-BDG-2-RESBDG,0,
TO,2050,RESBDGAPANewWHWTK___ESRNGA_23,NZ40-BDG-2-RESBDG,0,
TO,2050,RESBDGSDENewWHWTK___HIGNGA_23,NZ40-BDG-2-RESBDG,0,
TO,2050,RESBDGAPANewWHWTK___HIGNGA_23,NZ40-BDG-2-RESBDG,0,
TO,2050,RESBDGAPAOldWHWTK___ESRNGA_23,NZ40-BDG-2-RESBDG,0,
TO,2050,RESBDGAPANewWHSYS___STDPRO_23,NZ40-BDG-2-RESBDG,0,
TO,2050,RESBDGSDENewWHWTK___ESRNGA_23,NZ40-BDG-2-RESBDG,0,
TO,2050,RESBDGSATNewWHWTK___ESRNGA_23,NZ40-BDG-2-RESBDG,0,
TO,2050,RESBDGSDENewWHSYS___STDPRO_23,NZ40-BDG-2-RESBDG,0,
TO,2050,RESBDGSATNewWHSYS___STDBMA_23,NZ40-BDG-2-RESBDG,0,
TO,2050,RESBDGSATNewWHSYS___STDBWP_23,NZ40-BDG-2-RESBDG,0,
TO,2050,RESBDGSATNewWHSYS___STDLFO_23,NZ40-BDG-2-RESBDG,0,
TO,2050,RESBDGSATNewWHWTK___HIGNGA_23,NZ40-BDG-2-RESBDG,0,
TO,2050,RESBDGSATNewWHSYS___STDPRO_23,NZ40-BDG-2-RESBDG,0,
TO,2050,RESBDGSDENewWHSYS___STDBMA_23,NZ40-BDG-2-RESBDG,0,
TO,2050,RESBDGSDENewWHSYS___STDLFO_23,NZ40-BDG-2-RESBDG,0,
TO,2050,RESBDGSDENewWHSYS___STDBWP_23,NZ40-BDG-2-RESBDG,0,
TO,2050,RESBDGSATNewWHSYS___STDKER_23,NZ40-BDG-2-RESBDG,0,
TO,2050,RESBDGAPANewWHSYS___STDLFO_23,NZ40-BDG-2-RESBDG,0,
TO,2050,RESBDGSATOldWHSYS___STDBMA_23,NZ40-BDG-2-RESBDG,0,
TO,2050,RESBDGSATOldWHSYS___STDLFO_23,NZ40-BDG-2-RESBDG,0,
TO,2050,RESBDGSDENewWHSYS___STDKER_23,NZ40-BDG-2-RESBDG,0,
TO,2050,RESBDGSATOldWHSYS___STDBWP_23,NZ40-BDG-2-RESBDG,0,
TO,2050,RESBDGSDEOldWHSYS___STDBMA_23,NZ40-BDG-2-RESBDG,0,
TO,2050,RESBDGSDEOldWHSYS___STDLFO_23,NZ40-BDG-2-RESBDG,0,
TO,2050,RESBDGAPANewWHSYS___STDBMA_23,NZ40-BDG-2-RESBDG,0,
TO,2050,RESBDGSDEOldSHFUR___HIGPRO_23,NZ40-BDG-2-RESBDG,0,
TO,2050,RESBDGSDEOldWHSYS___STDBWP_23,NZ40-BDG-2-RESBDG,0,
TO,2050,RESBDGAPAOldSHFUR___HIGPRO_23,NZ40-BDG-2-RESBDG,0,
TO,2050,RESBDGAPANewWHSYS___STDBWP_23,NZ40-BDG-2-RESBDG,0,
TO,2050,RESBDGAPANewWHSYS___STDKER_23,NZ40-BDG-2-RESBDG,0,
TO,2050,RESBDGAPAOldWHSYS___STDBMA_23,NZ40-BDG-2-RESBDG,0,
TO,2050,RESBDGAPAOldWHSYS___STDLFO_23,NZ40-BDG-2-RESBDG,0,
TO,2050,RESBDGSATOldSHFUR___HIGPRO_23,NZ40-BDG-2-RESBDG,0,
TO,2050,RESBDGSATOldWHSYS___STDKER_23,NZ40-BDG-2-RESBDG,0,
TO,2050,RESBDGAPAOldWHSYS___STDBWP_23,NZ40-BDG-2-RESBDG,0,
TO,2050,RESBDGSDEOldWHSYS___STDKER_23,NZ40-BDG-2-RESBDG,0,
TO,2050,RESBDGSATNewSHFUR___STDNGA_23,NZ40-BDG-2-RESBDG,0,
TO,2050,RESBDGSATOldWHSYS___STDPRO_23,NZ40-BDG-2-RESBDG,0,
TO,2050,RESBDGAPAOldWHSYS___STDKER_23,NZ40-BDG-2-RESBDG,0,
TO,2050,RESBDGSDEOldWHSYS___STDPRO_23,NZ40-BDG-2-RESBDG,0,
TO,2050,RESBDGSDENewSHFUR___STDNGA_23,NZ40-BDG-2-RESBDG,0,
TO,2050,RESBDGSATNewSHFUR___HIGPRO_23,NZ40-BDG-2-RESBDG,0,
TO,2050,RESBDGSATNewWHSTHBCKSTDNGA_23,NZ40-BDG-2-RESBDG,0,
TO,2050,RESBDGAPAOldWHSYS___STDPRO_23,NZ40-BDG-2-RESBDG,0,
TO,2050,RESBDGAPANewSHFUR___STDNGA_23,NZ40-BDG-2-RESBDG,0,
TO,2050,RESBDGSATOldWHWTK___STDNGA_23,NZ40-BDG-2-RESBDG,0,
TO,2050,RESBDGSATNewSHFUR___ESRPRO_23,NZ40-BDG-2-RESBDG,0,
TO,2050,RESBDGSDEOldWHWTK___STDNGA_23,NZ40-BDG-2-RESBDG,0,
TO,2050,RESBDGSATNewRAG______HIGNGA_23,NZ40-BDG-2-RESBDG,0,
TO,2050,RESBDGSATNewSHFUR___STDPRO_23,NZ40-BDG-2-RESBDG,0,
TO,2050,RESBDGSATNewSHFUR___STDLFO_23,NZ40-BDG-2-RESBDG,0,
TO,2050,RESBDGSATNewSHFUR___STDKER_23,NZ40-BDG-2-RESBDG,0,
TO,2050,RESBDGSDENewWHSTHBCKSTDNGA_23,NZ40-BDG-2-RESBDG,0,
TO,2050,RESBDGAPAOldWHWTK___STDNGA_23,NZ40-BDG-2-RESBDG,0,
TO,2050,RESBDGSDENewSHFUR___HIGPRO_23,NZ40-BDG-2-RESBDG,0,
TO,2050,RESBDGSATNewSHFUR___HIGLFO_23,NZ40-BDG-2-RESBDG,0,
TO,2050,RESBDGSATOldWHSTHBCKSTDNGA_23,NZ40-BDG-2-RESBDG,0,
TO,2050,RESBDGSDENewRAG______HIGNGA_23,NZ40-BDG-2-RESBDG,0,
TO,2050,RESBDGSATNewSHFIR___STDPRO_23,NZ40-BDG-2-RESBDG,0,
TO,2050,RESBDGAPANewSHFUR___HIGPRO_23,NZ40-BDG-2-RESBDG,0,
TO,2050,RESBDGSATNewSHHEP___STDNGA_23,NZ40-BDG-2-RESBDG,0,
TO,2050,RESBDGSATNewSHFIR___HIGPRO_23,NZ40-BDG-2-RESBDG,0,
TO,2050,RESBDGSDENewSHFUR___ESRPRO_23,NZ40-BDG-2-RESBDG,0,
TO,2050,RESBDGSATNewSHPST___STDBWP_23,NZ40-BDG-2-RESBDG,0,
TO,2050,RESBDGSATNewSHPST___HIGBWP_23,NZ40-BDG-2-RESBDG,0,
TO,2050,RESBDGSDEOldWHSTHBCKSTDNGA_23,NZ40-BDG-2-RESBDG,0,
TO,2050,RESBDGAPANewWHSTHBCKSTDNGA_23,NZ40-BDG-2-RESBDG,0,
TO,2050,RESBDGSATOldSHFUR___ESRNGA_23,NZ40-BDG-2-RESBDG,0,
TO,2050,RESBDGSATNewSHSTV___STDBMA_23,NZ40-BDG-2-RESBDG,0,
TO,2050,RESBDGSATNewSHSTV___HIGBMA_23,NZ40-BDG-2-RESBDG,0,
TO,2050,RESBDGSDENewSHFUR___STDPRO_23,NZ40-BDG-2-RESBDG,0,
TO,2050,RESBDGSDENewSHFUR___STDLFO_23,NZ40-BDG-2-RESBDG,0,
TO,2050,RESBDGSATOldSHFUR___STDNGA_23,NZ40-BDG-2-RESBDG,0,
TO,2050,RESBDGAPAOldWHSTHBCKSTDNGA_23,NZ40-BDG-2-RESBDG,0,
TO,2050,RESBDGSDENewSHFUR___STDKER_23,NZ40-BDG-2-RESBDG,0,
TO,2050,RESBDGAPANewSHFUR___ESRPRO_23,NZ40-BDG-2-RESBDG,0,
TO,2050,RESBDGAPAOldSHFUR___ESRNGA_23,NZ40-BDG-2-RESBDG,0,
TO,2050,RESBDGAPAOldSHFUR___STDNGA_23,NZ40-BDG-2-RESBDG,0,
TO,2050,RESBDGSDEOldSHFUR___ESRNGA_23,NZ40-BDG-2-RESBDG,0,
TO,2050,RESBDGSATOldRAG______HIGNGA_23,NZ40-BDG-2-RESBDG,0,
TO,2050,RESBDGAPANewSHFUR___STDPRO_23,NZ40-BDG-2-RESBDG,0,
TO,2050,RESBDGAPANewSHFUR___STDLFO_23,NZ40-BDG-2-RESBDG,0,
TO,2050,RESBDGSDEOldSHFUR___STDNGA_23,NZ40-BDG-2-RESBDG,0,
TO,2050,RESBDGSATNewSHHEP___STDGEO_23,NZ40-BDG-2-RESBDG,0,
TO,2050,RESBDGAPANewSHFUR___STDKER_23,NZ40-BDG-2-RESBDG,0,
TO,2050,RESBDGSATNewSHHEP___ESRGEO_23,NZ40-BDG-2-RESBDG,0,
TO,2050,RESBDGSDENewSHHEP___STDNGA_23,NZ40-BDG-2-RESBDG,0,
TO,2050,RESBDGSATNewSHHEP___HIGGEO_23,NZ40-BDG-2-RESBDG,0,
TO,2050,RESBDGSATOldSHFUR___ESRPRO_23,NZ40-BDG-2-RESBDG,0,
TO,2050,RESBDGSDENewSHFUR___HIGLFO_23,NZ40-BDG-2-RESBDG,0,
TO,2050,RESBDGAPANewRAG______HIGNGA_23,NZ40-BDG-2-RESBDG,0,
TO,2050,RESBDGSDEOldRAG______HIGNGA_23,NZ40-BDG-2-RESBDG,0,
TO,2050,RESBDGSDENewSHFIR___STDPRO_23,NZ40-BDG-2-RESBDG,0,
TO,2050,RESBDGSDENewSHPST___STDBWP_23,NZ40-BDG-2-RESBDG,0,
TO,2050,RESBDGSDENewSHFIR___HIGPRO_23,NZ40-BDG-2-RESBDG,0,
TO,2050,RESBDGSDENewSHPST___HIGBWP_23,NZ40-BDG-2-RESBDG,0,
TO,2050,RESBDGAPAOldSHFUR___ESRPRO_23,NZ40-BDG-2-RESBDG,0,
TO,2050,RESBDGSATOldSHFUR___STDPRO_23,NZ40-BDG-2-RESBDG,0,
TO,2050,RESBDGSDEOldSHFUR___ESRPRO_23,NZ40-BDG-2-RESBDG,0,
TO,2050,RESBDGAPANewSHHEP___STDNGA_23,NZ40-BDG-2-RESBDG,0,
TO,2050,RESBDGAPAOldRAG______HIGNGA_23,NZ40-BDG-2-RESBDG,0,
TO,2050,RESBDGSATOldSHFUR___STDLFO_23,NZ40-BDG-2-RESBDG,0,
TO,2050,RESBDGSATNewSHBOI___STDHH2_23,NZ40-BDG-2-RESBDG,0,
TO,2050,RESBDGSDENewSHSTV___STDBMA_23,NZ40-BDG-2-RESBDG,0,
TO,2050,RESBDGSDENewSHSTV___HIGBMA_23,NZ40-BDG-2-RESBDG,0,
TO,2050,RESBDGAPANewSHFUR___HIGLFO_23,NZ40-BDG-2-RESBDG,0,
TO,2050,RESBDGSATOldSHFUR___STDKER_23,NZ40-BDG-2-RESBDG,0,
TO,2050,RESBDGAPAOldSHFUR___STDPRO_23,NZ40-BDG-2-RESBDG,0,
TO,2050,RESBDGAPANewSHFIR___STDPRO_23,NZ40-BDG-2-RESBDG,0,
TO,2050,RESBDGAPANewSHPST___STDBWP_23,NZ40-BDG-2-RESBDG,0,
TO,2050,RESBDGAPANewSHFIR___HIGPRO_23,NZ40-BDG-2-RESBDG,0,
TO,2050,RESBDGAPANewSHPST___HIGBWP_23,NZ40-BDG-2-RESBDG,0,
TO,2050,RESBDGAPAOldSHFUR___STDLFO_23,NZ40-BDG-2-RESBDG,0,
TO,2050,RESBDGSDEOldSHFUR___STDPRO_23,NZ40-BDG-2-RESBDG,0,
TO,2050,RESBDGAPAOldSHFUR___STDKER_23,NZ40-BDG-2-RESBDG,0,
TO,2050,RESBDGSDEOldSHFUR___STDLFO_23,NZ40-BDG-2-RESBDG,0,
TO,2050,RESBDGSDENewSHHEP___STDGEO_23,NZ40-BDG-2-RESBDG,0,
TO,2050,RESBDGAPANewSHSTV___STDBMA_23,NZ40-BDG-2-RESBDG,0,
TO,2050,RESBDGAPANewSHSTV___HIGBMA_23,NZ40-BDG-2-RESBDG,0,
TO,2050,RESBDGSATOldSHHEP___STDNGA_23,NZ40-BDG-2-RESBDG,0,
TO,2050,RESBDGSDENewSHHEP___ESRGEO_23,NZ40-BDG-2-RESBDG,0,
TO,2050,RESBDGSDEOldSHFUR___STDKER_23,NZ40-BDG-2-RESBDG,0,
TO,2050,RESBDGSDENewSHHEP___HIGGEO_23,NZ40-BDG-2-RESBDG,0,
TO,2050,RESBDGSATOldSHFUR___HIGLFO_23,NZ40-BDG-2-RESBDG,0,
TO,2050,RESBDGAPAOldSHHEP___STDNGA_23,NZ40-BDG-2-RESBDG,0,
TO,2050,RESBDGSATOldSHFIR___STDPRO_23,NZ40-BDG-2-RESBDG,0,
TO,2050,RESBDGSATOldSHPST___STDBWP_23,NZ40-BDG-2-RESBDG,0,
TO,2050,RESBDGSATOldSHFIR___HIGPRO_23,NZ40-BDG-2-RESBDG,0,
TO,2050,RESBDGSATOldSHPST___HIGBWP_23,NZ40-BDG-2-RESBDG,0,
TO,2050,RESBDGSDEOldSHHEP___STDNGA_23,NZ40-BDG-2-RESBDG,0,
TO,2050,RESBDGAPAOldSHFUR___HIGLFO_23,NZ40-BDG-2-RESBDG,0,
TO,2050,RESBDGAPANewSHHEP___STDGEO_23,NZ40-BDG-2-RESBDG,0,
TO,2050,RESBDGAPAOldSHFIR___STDPRO_23,NZ40-BDG-2-RESBDG,0,
TO,2050,RESBDGSATOldSHSTV___STDBMA_23,NZ40-BDG-2-RESBDG,0,
TO,2050,RESBDGSATOldSHSTV___HIGBMA_23,NZ40-BDG-2-RESBDG,0,
TO,2050,RESBDGAPAOldSHPST___STDBWP_23,NZ40-BDG-2-RESBDG,0,
TO,2050,RESBDGAPANewSHHEP___ESRGEO_23,NZ40-BDG-2-RESBDG,0,
TO,2050,RESBDGAPANewSHHEP___HIGGEO_23,NZ40-BDG-2-RESBDG,0,
TO,2050,RESBDGSDEOldSHFUR___HIGLFO_23,NZ40-BDG-2-RESBDG,0,
TO,2050,RESBDGAPAOldSHFIR___HIGPRO_23,NZ40-BDG-2-RESBDG,0,
TO,2050,RESBDGAPAOldSHPST___HIGBWP_23,NZ40-BDG-2-RESBDG,0,
TO,2050,RESBDGSDEOldSHFIR___STDPRO_23,NZ40-BDG-2-RESBDG,0,
TO,2050,RESBDGSDEOldSHPST___STDBWP_23,NZ40-BDG-2-RESBDG,0,
TO,2050,RESBDGSDEOldSHFIR___HIGPRO_23,NZ40-BDG-2-RESBDG,0,
TO,2050,RESBDGSDEOldSHPST___HIGBWP_23,NZ40-BDG-2-RESBDG,0,
TO,2050,RESBDGSDENewSHBOI___STDHH2_23,NZ40-BDG-2-RESBDG,0,
TO,2050,RESBDGAPAOldSHSTV___STDBMA_23,NZ40-BDG-2-RESBDG,0,
TO,2050,RESBDGAPAOldSHSTV___HIGBMA_23,NZ40-BDG-2-RESBDG,0,
TO,2050,RESBDGSATOldSHHEP___STDGEO_23,NZ40-BDG-2-RESBDG,0,
TO,2050,RESBDGSDEOldSHSTV___STDBMA_23,NZ40-BDG-2-RESBDG,0,
TO,2050,RESBDGSDEOldSHSTV___HIGBMA_23,NZ40-BDG-2-RESBDG,0,
TO,2050,RESBDGSATOldSHHEP___ESRGEO_23,NZ40-BDG-2-RESBDG,0,
TO,2050,RESBDGSATOldSHHEP___HIGGEO_23,NZ40-BDG-2-RESBDG,0,
TO,2050,RESBDGAPAOldSHHEP___STDGEO_23,NZ40-BDG-2-RESBDG,0,
TO,2050,RESBDGAPANewSHBOI___STDHH2_23,NZ40-BDG-2-RESBDG,0,
TO,2050,RESBDGAPAOldSHHEP___ESRGEO_23,NZ40-BDG-2-RESBDG,0,
TO,2050,RESBDGAPAOldSHHEP___HIGGEO_23,NZ40-BDG-2-RESBDG,0,
TO,2050,RESBDGSDEOldSHHEP___STDGEO_23,NZ40-BDG-2-RESBDG,0,
TO,2050,RESBDGSDEOldSHHEP___ESRGEO_23,NZ40-BDG-2-RESBDG,0,
TO,2050,RESBDGSDEOldSHHEP___HIGGEO_23,NZ40-BDG-2-RESBDG,0,
TO,2050,RESBDGSATOldSHBOI___STDHH2_23,NZ40-BDG-2-RESBDG,0,
TO,2050,RESBDGAPAOldSHBOI___STDHH2_23,NZ40-BDG-2-RESBDG,0,
TO,2050,RESBDGSDEOldSHBOI___STDHH2_23,NZ40-BDG-2-RESBDG,0,
