regions,periods,tech,maxact,maxaxt_notes,maxact_notes
TO,2050,COMBDGAERNewSHFUR___ESRNGA_23,0,,
TO,2050,COMBDGAERNewSHFUR___ESRPRO_23,0,,
TO,2050,COMBDGAERNewSHFUR___HIGHFO_23,0,,
TO,2050,COMBDGAERNewSHFUR___HIGLFO_23,0,,
TO,2050,COMBDGAERNewSHFUR___HIGNGA_16,0,,
TO,2050,COMBDGAERNewSHFUR___HIGNGA_23,0,,
TO,2050,COMBDGAERNewSHFUR___HIGPRO_23,0,,
TO,2050,COMBDGAERNewSHFUR___STDELC_16,0,,
TO,2050,COMBDGAERNewSHFUR___STDELC_23,0,,
TO,2050,COMBDGAERNewSHFUR___STDHFO_16,0,,
TO,2050,COMBDGAERNewSHFUR___STDHFO_23,0,,
TO,2050,COMBDGAERNewSHFUR___STDKER_16,0,,
TO,2050,COMBDGAERNewSHFUR___STDKER_23,0,,
TO,2050,COMBDGAERNewSHFUR___STDLFO_16,0,,
TO,2050,COMBDGAERNewSHFUR___STDLFO_23,0,,
TO,2050,COMBDGAERNewSHFUR___STDNGA_16,0,,
TO,2050,COMBDGAERNewSHFUR___STDNGA_23,0,,
TO,2050,COMBDGAERNewSHFUR___STDPRO_16,0,,
TO,2050,COMBDGAERNewSHFUR___STDPRO_23,0,,
TO,2050,COMBDGAERNewSHFURLARSTDHH2_23,0,,
TO,2050,COMBDGAERNewSHFURMEDSTDHH2_23,0,,
TO,2050,COMBDGAERNewSHFURSMASTDHH2_23,0,,
TO,2050,COMBDGAERNewSHHEP___STDELC_16,0,,
TO,2050,COMBDGAERNewSHHEP___STDNGA_23,0,,
TO,2050,COMBDGAERNewSHPLT___STDELC_16,0,,
TO,2050,COMBDGAERNewSHPLT1000WSTDELC_23,0,,
TO,2050,COMBDGAERNewSHPLT1500WSTDELC_23,0,,
TO,2050,COMBDGAERNewSHPLT500WSTDELC_23,0,,
TO,2050,COMBDGAERNewWH______STDELC_16,0,,
TO,2050,COMBDGAERNewWH______STDHFO_16,0,,
TO,2050,COMBDGAERNewWH______STDKER_16,0,,
TO,2050,COMBDGAERNewWH______STDLFO_16,0,,
TO,2050,COMBDGAERNewWH______STDNGA_16,0,,
TO,2050,COMBDGAERNewWH______STDPRO_16,0,,
TO,2050,COMBDGAERNewWHSTHBCKSTDELC_23,0,,
TO,2050,COMBDGAERNewWHSTHBCKSTDNGA_23,0,,
TO,2050,COMBDGAERNewWHSYS___ESRPRO_23,0,,
TO,2050,COMBDGAERNewWHSYS___STDBMA_23,0,,
TO,2050,COMBDGAERNewWHSYS___STDBWP_23,0,,
TO,2050,COMBDGAERNewWHSYS___STDHFO_23,0,,
TO,2050,COMBDGAERNewWHSYS___STDKER_23,0,,
TO,2050,COMBDGAERNewWHSYS___STDLFO_23,0,,
TO,2050,COMBDGAERNewWHWTK___ESRNGA_23,0,,
TO,2050,COMBDGAERNewWHWTK___HIGELC_23,0,,
TO,2050,COMBDGAERNewWHWTK___HIGNGA_23,0,,
TO,2050,COMBDGAERNewWHWTK___STDELC_23,0,,
TO,2050,COMBDGAERNewWHWTK___STDNGA_23,0,,
TO,2050,COMBDGAEROldSHFUR___ESRNGA_23,0,,
TO,2050,COMBDGAEROldSHFUR___ESRPRO_23,0,,
TO,2050,COMBDGAEROldSHFUR___HIGHFO_23,0,,
TO,2050,COMBDGAEROldSHFUR___HIGLFO_23,0,,
TO,2050,COMBDGAEROldSHFUR___HIGNGA_16,0,,
TO,2050,COMBDGAEROldSHFUR___HIGNGA_23,0,,
TO,2050,COMBDGAEROldSHFUR___HIGPRO_23,0,,
TO,2050,COMBDGAEROldSHFUR___STDELC_16,0,,
TO,2050,COMBDGAEROldSHFUR___STDELC_23,0,,
TO,2050,COMBDGAEROldSHFUR___STDHFO_16,0,,
TO,2050,COMBDGAEROldSHFUR___STDHFO_23,0,,
TO,2050,COMBDGAEROldSHFUR___STDKER_16,0,,
TO,2050,COMBDGAEROldSHFUR___STDKER_23,0,,
TO,2050,COMBDGAEROldSHFUR___STDLFO_16,0,,
TO,2050,COMBDGAEROldSHFUR___STDLFO_23,0,,
TO,2050,COMBDGAEROldSHFUR___STDNGA_16,0,,
TO,2050,COMBDGAEROldSHFUR___STDNGA_23,0,,
TO,2050,COMBDGAEROldSHFUR___STDPRO_16,0,,
TO,2050,COMBDGAEROldSHFUR___STDPRO_23,0,,
TO,2050,COMBDGAEROldSHFURLARSTDHH2_23,0,,
TO,2050,COMBDGAEROldSHFURMEDSTDHH2_23,0,,
TO,2050,COMBDGAEROldSHFURSMASTDHH2_23,0,,
TO,2050,COMBDGAEROldSHHEP___STDELC_16,0,,
TO,2050,COMBDGAEROldSHHEP___STDNGA_23,0,,
TO,2050,COMBDGAEROldSHPLT___STDELC_16,0,,
TO,2050,COMBDGAEROldSHPLT1000WSTDELC_23,0,,
TO,2050,COMBDGAEROldSHPLT1500WSTDELC_23,0,,
TO,2050,COMBDGAEROldSHPLT500WSTDELC_23,0,,
TO,2050,COMBDGAEROldWH______STDELC_16,0,,
TO,2050,COMBDGAEROldWH______STDHFO_16,0,,
TO,2050,COMBDGAEROldWH______STDKER_16,0,,
TO,2050,COMBDGAEROldWH______STDLFO_16,0,,
TO,2050,COMBDGAEROldWH______STDNGA_16,0,,
TO,2050,COMBDGAEROldWH______STDPRO_16,0,,
TO,2050,COMBDGAEROldWHSTHBCKSTDELC_23,0,,
TO,2050,COMBDGAEROldWHSTHBCKSTDNGA_23,0,,
TO,2050,COMBDGAEROldWHSYS___ESRPRO_23,0,,
TO,2050,COMBDGAEROldWHSYS___STDBMA_23,0,,
TO,2050,COMBDGAEROldWHSYS___STDBWP_23,0,,
TO,2050,COMBDGAEROldWHSYS___STDHFO_23,0,,
TO,2050,COMBDGAEROldWHSYS___STDKER_23,0,,
TO,2050,COMBDGAEROldWHSYS___STDLFO_23,0,,
TO,2050,COMBDGAEROldWHWTK___ESRNGA_23,0,,
TO,2050,COMBDGAEROldWHWTK___HIGELC_23,0,,
TO,2050,COMBDGAEROldWHWTK___HIGNGA_23,0,,
TO,2050,COMBDGAEROldWHWTK___STDELC_23,0,,
TO,2050,COMBDGAEROldWHWTK___STDNGA_23,0,,
TO,2050,COMBDGAFSNewSHFUR___ESRNGA_23,0,,
TO,2050,COMBDGAFSNewSHFUR___ESRPRO_23,0,,
TO,2050,COMBDGAFSNewSHFUR___HIGHFO_23,0,,
TO,2050,COMBDGAFSNewSHFUR___HIGLFO_23,0,,
TO,2050,COMBDGAFSNewSHFUR___HIGNGA_16,0,,
TO,2050,COMBDGAFSNewSHFUR___HIGNGA_23,0,,
TO,2050,COMBDGAFSNewSHFUR___HIGPRO_23,0,,
TO,2050,COMBDGAFSNewSHFUR___STDELC_16,0,,
TO,2050,COMBDGAFSNewSHFUR___STDELC_23,0,,
TO,2050,COMBDGAFSNewSHFUR___STDHFO_16,0,,
TO,2050,COMBDGAFSNewSHFUR___STDHFO_23,0,,
TO,2050,COMBDGAFSNewSHFUR___STDKER_16,0,,
TO,2050,COMBDGAFSNewSHFUR___STDKER_23,0,,
TO,2050,COMBDGAFSNewSHFUR___STDLFO_16,0,,
TO,2050,COMBDGAFSNewSHFUR___STDLFO_23,0,,
TO,2050,COMBDGAFSNewSHFUR___STDNGA_16,0,,
TO,2050,COMBDGAFSNewSHFUR___STDNGA_23,0,,
TO,2050,COMBDGAFSNewSHFUR___STDPRO_16,0,,
TO,2050,COMBDGAFSNewSHFUR___STDPRO_23,0,,
TO,2050,COMBDGAFSNewSHFURLARSTDHH2_23,0,,
TO,2050,COMBDGAFSNewSHFURMEDSTDHH2_23,0,,
TO,2050,COMBDGAFSNewSHFURSMASTDHH2_23,0,,
TO,2050,COMBDGAFSNewSHHEP___STDELC_16,0,,
TO,2050,COMBDGAFSNewSHHEP___STDNGA_23,0,,
TO,2050,COMBDGAFSNewSHPLT___STDELC_16,0,,
TO,2050,COMBDGAFSNewSHPLT1000WSTDELC_23,0,,
TO,2050,COMBDGAFSNewSHPLT1500WSTDELC_23,0,,
TO,2050,COMBDGAFSNewSHPLT500WSTDELC_23,0,,
TO,2050,COMBDGAFSNewWH______STDELC_16,0,,
TO,2050,COMBDGAFSNewWH______STDHFO_16,0,,
TO,2050,COMBDGAFSNewWH______STDKER_16,0,,
TO,2050,COMBDGAFSNewWH______STDLFO_16,0,,
TO,2050,COMBDGAFSNewWH______STDNGA_16,0,,
TO,2050,COMBDGAFSNewWH______STDPRO_16,0,,
TO,2050,COMBDGAFSNewWHSTHBCKSTDELC_23,0,,
TO,2050,COMBDGAFSNewWHSTHBCKSTDNGA_23,0,,
TO,2050,COMBDGAFSNewWHSYS___ESRPRO_23,0,,
TO,2050,COMBDGAFSNewWHSYS___STDBMA_23,0,,
TO,2050,COMBDGAFSNewWHSYS___STDBWP_23,0,,
TO,2050,COMBDGAFSNewWHSYS___STDHFO_23,0,,
TO,2050,COMBDGAFSNewWHSYS___STDKER_23,0,,
TO,2050,COMBDGAFSNewWHSYS___STDLFO_23,0,,
TO,2050,COMBDGAFSNewWHWTK___ESRNGA_23,0,,
TO,2050,COMBDGAFSNewWHWTK___HIGELC_23,0,,
TO,2050,COMBDGAFSNewWHWTK___HIGNGA_23,0,,
TO,2050,COMBDGAFSNewWHWTK___STDELC_23,0,,
TO,2050,COMBDGAFSNewWHWTK___STDNGA_23,0,,
TO,2050,COMBDGAFSOldSHFUR___ESRNGA_23,0,,
TO,2050,COMBDGAFSOldSHFUR___ESRPRO_23,0,,
TO,2050,COMBDGAFSOldSHFUR___HIGHFO_23,0,,
TO,2050,COMBDGAFSOldSHFUR___HIGLFO_23,0,,
TO,2050,COMBDGAFSOldSHFUR___HIGNGA_16,0,,
TO,2050,COMBDGAFSOldSHFUR___HIGNGA_23,0,,
TO,2050,COMBDGAFSOldSHFUR___HIGPRO_23,0,,
TO,2050,COMBDGAFSOldSHFUR___STDELC_16,0,,
TO,2050,COMBDGAFSOldSHFUR___STDELC_23,0,,
TO,2050,COMBDGAFSOldSHFUR___STDHFO_16,0,,
TO,2050,COMBDGAFSOldSHFUR___STDHFO_23,0,,
TO,2050,COMBDGAFSOldSHFUR___STDKER_16,0,,
TO,2050,COMBDGAFSOldSHFUR___STDKER_23,0,,
TO,2050,COMBDGAFSOldSHFUR___STDLFO_16,0,,
TO,2050,COMBDGAFSOldSHFUR___STDLFO_23,0,,
TO,2050,COMBDGAFSOldSHFUR___STDNGA_16,0,,
TO,2050,COMBDGAFSOldSHFUR___STDNGA_23,0,,
TO,2050,COMBDGAFSOldSHFUR___STDPRO_16,0,,
TO,2050,COMBDGAFSOldSHFUR___STDPRO_23,0,,
TO,2050,COMBDGAFSOldSHFURLARSTDHH2_23,0,,
TO,2050,COMBDGAFSOldSHFURMEDSTDHH2_23,0,,
TO,2050,COMBDGAFSOldSHFURSMASTDHH2_23,0,,
TO,2050,COMBDGAFSOldSHHEP___STDELC_16,0,,
TO,2050,COMBDGAFSOldSHHEP___STDNGA_23,0,,
TO,2050,COMBDGAFSOldSHPLT___STDELC_16,0,,
TO,2050,COMBDGAFSOldSHPLT1000WSTDELC_23,0,,
TO,2050,COMBDGAFSOldSHPLT1500WSTDELC_23,0,,
TO,2050,COMBDGAFSOldSHPLT500WSTDELC_23,0,,
TO,2050,COMBDGAFSOldWH______STDELC_16,0,,
TO,2050,COMBDGAFSOldWH______STDHFO_16,0,,
TO,2050,COMBDGAFSOldWH______STDKER_16,0,,
TO,2050,COMBDGAFSOldWH______STDLFO_16,0,,
TO,2050,COMBDGAFSOldWH______STDNGA_16,0,,
TO,2050,COMBDGAFSOldWH______STDPRO_16,0,,
TO,2050,COMBDGAFSOldWHSTHBCKSTDELC_23,0,,
TO,2050,COMBDGAFSOldWHSTHBCKSTDNGA_23,0,,
TO,2050,COMBDGAFSOldWHSYS___ESRPRO_23,0,,
TO,2050,COMBDGAFSOldWHSYS___STDBMA_23,0,,
TO,2050,COMBDGAFSOldWHSYS___STDBWP_23,0,,
TO,2050,COMBDGAFSOldWHSYS___STDHFO_23,0,,
TO,2050,COMBDGAFSOldWHSYS___STDKER_23,0,,
TO,2050,COMBDGAFSOldWHSYS___STDLFO_23,0,,
TO,2050,COMBDGAFSOldWHWTK___ESRNGA_23,0,,
TO,2050,COMBDGAFSOldWHWTK___HIGELC_23,0,,
TO,2050,COMBDGAFSOldWHWTK___HIGNGA_23,0,,
TO,2050,COMBDGAFSOldWHWTK___STDELC_23,0,,
TO,2050,COMBDGAFSOldWHWTK___STDNGA_23,0,,
TO,2050,COMBDGEDSNewSHFUR___ESRNGA_23,0,,
TO,2050,COMBDGEDSNewSHFUR___ESRPRO_23,0,,
TO,2050,COMBDGEDSNewSHFUR___HIGHFO_23,0,,
TO,2050,COMBDGEDSNewSHFUR___HIGLFO_23,0,,
TO,2050,COMBDGEDSNewSHFUR___HIGNGA_16,0,,
TO,2050,COMBDGEDSNewSHFUR___HIGNGA_23,0,,
TO,2050,COMBDGEDSNewSHFUR___HIGPRO_23,0,,
TO,2050,COMBDGEDSNewSHFUR___STDELC_16,0,,
TO,2050,COMBDGEDSNewSHFUR___STDELC_23,0,,
TO,2050,COMBDGEDSNewSHFUR___STDHFO_16,0,,
TO,2050,COMBDGEDSNewSHFUR___STDHFO_23,0,,
TO,2050,COMBDGEDSNewSHFUR___STDKER_16,0,,
TO,2050,COMBDGEDSNewSHFUR___STDKER_23,0,,
TO,2050,COMBDGEDSNewSHFUR___STDLFO_16,0,,
TO,2050,COMBDGEDSNewSHFUR___STDLFO_23,0,,
TO,2050,COMBDGEDSNewSHFUR___STDNGA_16,0,,
TO,2050,COMBDGEDSNewSHFUR___STDNGA_23,0,,
TO,2050,COMBDGEDSNewSHFUR___STDPRO_16,0,,
TO,2050,COMBDGEDSNewSHFUR___STDPRO_23,0,,
TO,2050,COMBDGEDSNewSHFURLARSTDHH2_23,0,,
TO,2050,COMBDGEDSNewSHFURMEDSTDHH2_23,0,,
TO,2050,COMBDGEDSNewSHFURSMASTDHH2_23,0,,
TO,2050,COMBDGEDSNewSHHEP___STDELC_16,0,,
TO,2050,COMBDGEDSNewSHHEP___STDNGA_23,0,,
TO,2050,COMBDGEDSNewSHPLT___STDELC_16,0,,
TO,2050,COMBDGEDSNewSHPLT1000WSTDELC_23,0,,
TO,2050,COMBDGEDSNewSHPLT1500WSTDELC_23,0,,
TO,2050,COMBDGEDSNewSHPLT500WSTDELC_23,0,,
TO,2050,COMBDGEDSNewWH______STDELC_16,0,,
TO,2050,COMBDGEDSNewWH______STDHFO_16,0,,
TO,2050,COMBDGEDSNewWH______STDKER_16,0,,
TO,2050,COMBDGEDSNewWH______STDLFO_16,0,,
TO,2050,COMBDGEDSNewWH______STDNGA_16,0,,
TO,2050,COMBDGEDSNewWH______STDPRO_16,0,,
TO,2050,COMBDGEDSNewWHSTHBCKSTDELC_23,0,,
TO,2050,COMBDGEDSNewWHSTHBCKSTDNGA_23,0,,
TO,2050,COMBDGEDSNewWHSYS___ESRPRO_23,0,,
TO,2050,COMBDGEDSNewWHSYS___STDBMA_23,0,,
TO,2050,COMBDGEDSNewWHSYS___STDBWP_23,0,,
TO,2050,COMBDGEDSNewWHSYS___STDHFO_23,0,,
TO,2050,COMBDGEDSNewWHSYS___STDKER_23,0,,
TO,2050,COMBDGEDSNewWHSYS___STDLFO_23,0,,
TO,2050,COMBDGEDSNewWHWTK___ESRNGA_23,0,,
TO,2050,COMBDGEDSNewWHWTK___HIGELC_23,0,,
TO,2050,COMBDGEDSNewWHWTK___HIGNGA_23,0,,
TO,2050,COMBDGEDSNewWHWTK___STDELC_23,0,,
TO,2050,COMBDGEDSNewWHWTK___STDNGA_23,0,,
TO,2050,COMBDGEDSOldSHFUR___ESRNGA_23,0,,
TO,2050,COMBDGEDSOldSHFUR___ESRPRO_23,0,,
TO,2050,COMBDGEDSOldSHFUR___HIGHFO_23,0,,
TO,2050,COMBDGEDSOldSHFUR___HIGLFO_23,0,,
TO,2050,COMBDGEDSOldSHFUR___HIGNGA_16,0,,
TO,2050,COMBDGEDSOldSHFUR___HIGNGA_23,0,,
TO,2050,COMBDGEDSOldSHFUR___HIGPRO_23,0,,
TO,2050,COMBDGEDSOldSHFUR___STDELC_16,0,,
TO,2050,COMBDGEDSOldSHFUR___STDELC_23,0,,
TO,2050,COMBDGEDSOldSHFUR___STDHFO_16,0,,
TO,2050,COMBDGEDSOldSHFUR___STDHFO_23,0,,
TO,2050,COMBDGEDSOldSHFUR___STDKER_16,0,,
TO,2050,COMBDGEDSOldSHFUR___STDKER_23,0,,
TO,2050,COMBDGEDSOldSHFUR___STDLFO_16,0,,
TO,2050,COMBDGEDSOldSHFUR___STDLFO_23,0,,
TO,2050,COMBDGEDSOldSHFUR___STDNGA_16,0,,
TO,2050,COMBDGEDSOldSHFUR___STDNGA_23,0,,
TO,2050,COMBDGEDSOldSHFUR___STDPRO_16,0,,
TO,2050,COMBDGEDSOldSHFUR___STDPRO_23,0,,
TO,2050,COMBDGEDSOldSHFURLARSTDHH2_23,0,,
TO,2050,COMBDGEDSOldSHFURMEDSTDHH2_23,0,,
TO,2050,COMBDGEDSOldSHFURSMASTDHH2_23,0,,
TO,2050,COMBDGEDSOldSHHEP___STDELC_16,0,,
TO,2050,COMBDGEDSOldSHHEP___STDNGA_23,0,,
TO,2050,COMBDGEDSOldSHPLT___STDELC_16,0,,
TO,2050,COMBDGEDSOldSHPLT1000WSTDELC_23,0,,
TO,2050,COMBDGEDSOldSHPLT1500WSTDELC_23,0,,
TO,2050,COMBDGEDSOldSHPLT500WSTDELC_23,0,,
TO,2050,COMBDGEDSOldWH______STDELC_16,0,,
TO,2050,COMBDGEDSOldWH______STDHFO_16,0,,
TO,2050,COMBDGEDSOldWH______STDKER_16,0,,
TO,2050,COMBDGEDSOldWH______STDLFO_16,0,,
TO,2050,COMBDGEDSOldWH______STDNGA_16,0,,
TO,2050,COMBDGEDSOldWH______STDPRO_16,0,,
TO,2050,COMBDGEDSOldWHSTHBCKSTDELC_23,0,,
TO,2050,COMBDGEDSOldWHSTHBCKSTDNGA_23,0,,
TO,2050,COMBDGEDSOldWHSYS___ESRPRO_23,0,,
TO,2050,COMBDGEDSOldWHSYS___STDBMA_23,0,,
TO,2050,COMBDGEDSOldWHSYS___STDBWP_23,0,,
TO,2050,COMBDGEDSOldWHSYS___STDHFO_23,0,,
TO,2050,COMBDGEDSOldWHSYS___STDKER_23,0,,
TO,2050,COMBDGEDSOldWHSYS___STDLFO_23,0,,
TO,2050,COMBDGEDSOldWHWTK___ESRNGA_23,0,,
TO,2050,COMBDGEDSOldWHWTK___HIGELC_23,0,,
TO,2050,COMBDGEDSOldWHWTK___HIGNGA_23,0,,
TO,2050,COMBDGEDSOldWHWTK___STDELC_23,0,,
TO,2050,COMBDGEDSOldWHWTK___STDNGA_23,0,,
TO,2050,COMBDGHLCNewSHFUR___ESRNGA_23,0,,
TO,2050,COMBDGHLCNewSHFUR___ESRPRO_23,0,,
TO,2050,COMBDGHLCNewSHFUR___HIGHFO_23,0,,
TO,2050,COMBDGHLCNewSHFUR___HIGLFO_23,0,,
TO,2050,COMBDGHLCNewSHFUR___HIGNGA_16,0,,
TO,2050,COMBDGHLCNewSHFUR___HIGNGA_23,0,,
TO,2050,COMBDGHLCNewSHFUR___HIGPRO_23,0,,
TO,2050,COMBDGHLCNewSHFUR___STDELC_16,0,,
TO,2050,COMBDGHLCNewSHFUR___STDELC_23,0,,
TO,2050,COMBDGHLCNewSHFUR___STDHFO_16,0,,
TO,2050,COMBDGHLCNewSHFUR___STDHFO_23,0,,
TO,2050,COMBDGHLCNewSHFUR___STDKER_16,0,,
TO,2050,COMBDGHLCNewSHFUR___STDKER_23,0,,
TO,2050,COMBDGHLCNewSHFUR___STDLFO_16,0,,
TO,2050,COMBDGHLCNewSHFUR___STDLFO_23,0,,
TO,2050,COMBDGHLCNewSHFUR___STDNGA_16,0,,
TO,2050,COMBDGHLCNewSHFUR___STDNGA_23,0,,
TO,2050,COMBDGHLCNewSHFUR___STDPRO_16,0,,
TO,2050,COMBDGHLCNewSHFUR___STDPRO_23,0,,
TO,2050,COMBDGHLCNewSHFURLARSTDHH2_23,0,,
TO,2050,COMBDGHLCNewSHFURMEDSTDHH2_23,0,,
TO,2050,COMBDGHLCNewSHFURSMASTDHH2_23,0,,
TO,2050,COMBDGHLCNewSHHEP___STDELC_16,0,,
TO,2050,COMBDGHLCNewSHHEP___STDNGA_23,0,,
TO,2050,COMBDGHLCNewSHPLT___STDELC_16,0,,
TO,2050,COMBDGHLCNewSHPLT1000WSTDELC_23,0,,
TO,2050,COMBDGHLCNewSHPLT1500WSTDELC_23,0,,
TO,2050,COMBDGHLCNewSHPLT500WSTDELC_23,0,,
TO,2050,COMBDGHLCNewWH______STDELC_16,0,,
TO,2050,COMBDGHLCNewWH______STDHFO_16,0,,
TO,2050,COMBDGHLCNewWH______STDKER_16,0,,
TO,2050,COMBDGHLCNewWH______STDLFO_16,0,,
TO,2050,COMBDGHLCNewWH______STDNGA_16,0,,
TO,2050,COMBDGHLCNewWH______STDPRO_16,0,,
TO,2050,COMBDGHLCNewWHSTHBCKSTDELC_23,0,,
TO,2050,COMBDGHLCNewWHSTHBCKSTDNGA_23,0,,
TO,2050,COMBDGHLCNewWHSYS___ESRPRO_23,0,,
TO,2050,COMBDGHLCNewWHSYS___STDBMA_23,0,,
TO,2050,COMBDGHLCNewWHSYS___STDBWP_23,0,,
TO,2050,COMBDGHLCNewWHSYS___STDHFO_23,0,,
TO,2050,COMBDGHLCNewWHSYS___STDKER_23,0,,
TO,2050,COMBDGHLCNewWHSYS___STDLFO_23,0,,
TO,2050,COMBDGHLCNewWHWTK___ESRNGA_23,0,,
TO,2050,COMBDGHLCNewWHWTK___HIGELC_23,0,,
TO,2050,COMBDGHLCNewWHWTK___HIGNGA_23,0,,
TO,2050,COMBDGHLCNewWHWTK___STDELC_23,0,,
TO,2050,COMBDGHLCNewWHWTK___STDNGA_23,0,,
TO,2050,COMBDGHLCOldSHFUR___ESRNGA_23,0,,
TO,2050,COMBDGHLCOldSHFUR___ESRPRO_23,0,,
TO,2050,COMBDGHLCOldSHFUR___HIGHFO_23,0,,
TO,2050,COMBDGHLCOldSHFUR___HIGLFO_23,0,,
TO,2050,COMBDGHLCOldSHFUR___HIGNGA_16,0,,
TO,2050,COMBDGHLCOldSHFUR___HIGNGA_23,0,,
TO,2050,COMBDGHLCOldSHFUR___HIGPRO_23,0,,
TO,2050,COMBDGHLCOldSHFUR___STDELC_16,0,,
TO,2050,COMBDGHLCOldSHFUR___STDELC_23,0,,
TO,2050,COMBDGHLCOldSHFUR___STDHFO_16,0,,
TO,2050,COMBDGHLCOldSHFUR___STDHFO_23,0,,
TO,2050,COMBDGHLCOldSHFUR___STDKER_16,0,,
TO,2050,COMBDGHLCOldSHFUR___STDKER_23,0,,
TO,2050,COMBDGHLCOldSHFUR___STDLFO_16,0,,
TO,2050,COMBDGHLCOldSHFUR___STDLFO_23,0,,
TO,2050,COMBDGHLCOldSHFUR___STDNGA_16,0,,
TO,2050,COMBDGHLCOldSHFUR___STDNGA_23,0,,
TO,2050,COMBDGHLCOldSHFUR___STDPRO_16,0,,
TO,2050,COMBDGHLCOldSHFUR___STDPRO_23,0,,
TO,2050,COMBDGHLCOldSHFURLARSTDHH2_23,0,,
TO,2050,COMBDGHLCOldSHFURMEDSTDHH2_23,0,,
TO,2050,COMBDGHLCOldSHFURSMASTDHH2_23,0,,
TO,2050,COMBDGHLCOldSHHEP___STDELC_16,0,,
TO,2050,COMBDGHLCOldSHHEP___STDNGA_23,0,,
TO,2050,COMBDGHLCOldSHPLT___STDELC_16,0,,
TO,2050,COMBDGHLCOldSHPLT1000WSTDELC_23,0,,
TO,2050,COMBDGHLCOldSHPLT1500WSTDELC_23,0,,
TO,2050,COMBDGHLCOldSHPLT500WSTDELC_23,0,,
TO,2050,COMBDGHLCOldWH______STDELC_16,0,,
TO,2050,COMBDGHLCOldWH______STDHFO_16,0,,
TO,2050,COMBDGHLCOldWH______STDKER_16,0,,
TO,2050,COMBDGHLCOldWH______STDLFO_16,0,,
TO,2050,COMBDGHLCOldWH______STDNGA_16,0,,
TO,2050,COMBDGHLCOldWH______STDPRO_16,0,,
TO,2050,COMBDGHLCOldWHSTHBCKSTDELC_23,0,,
TO,2050,COMBDGHLCOldWHSTHBCKSTDNGA_23,0,,
TO,2050,COMBDGHLCOldWHSYS___ESRPRO_23,0,,
TO,2050,COMBDGHLCOldWHSYS___STDBMA_23,0,,
TO,2050,COMBDGHLCOldWHSYS___STDBWP_23,0,,
TO,2050,COMBDGHLCOldWHSYS___STDHFO_23,0,,
TO,2050,COMBDGHLCOldWHSYS___STDKER_23,0,,
TO,2050,COMBDGHLCOldWHSYS___STDLFO_23,0,,
TO,2050,COMBDGHLCOldWHWTK___ESRNGA_23,0,,
TO,2050,COMBDGHLCOldWHWTK___HIGELC_23,0,,
TO,2050,COMBDGHLCOldWHWTK___HIGNGA_23,0,,
TO,2050,COMBDGHLCOldWHWTK___STDELC_23,0,,
TO,2050,COMBDGHLCOldWHWTK___STDNGA_23,0,,
TO,2050,COMBDGICINewSHFUR___ESRNGA_23,0,,
TO,2050,COMBDGICINewSHFUR___ESRPRO_23,0,,
TO,2050,COMBDGICINewSHFUR___HIGHFO_23,0,,
TO,2050,COMBDGICINewSHFUR___HIGLFO_23,0,,
TO,2050,COMBDGICINewSHFUR___HIGNGA_16,0,,
TO,2050,COMBDGICINewSHFUR___HIGNGA_23,0,,
TO,2050,COMBDGICINewSHFUR___HIGPRO_23,0,,
TO,2050,COMBDGICINewSHFUR___STDELC_16,0,,
TO,2050,COMBDGICINewSHFUR___STDELC_23,0,,
TO,2050,COMBDGICINewSHFUR___STDHFO_16,0,,
TO,2050,COMBDGICINewSHFUR___STDHFO_23,0,,
TO,2050,COMBDGICINewSHFUR___STDKER_16,0,,
TO,2050,COMBDGICINewSHFUR___STDKER_23,0,,
TO,2050,COMBDGICINewSHFUR___STDLFO_16,0,,
TO,2050,COMBDGICINewSHFUR___STDLFO_23,0,,
TO,2050,COMBDGICINewSHFUR___STDNGA_16,0,,
TO,2050,COMBDGICINewSHFUR___STDNGA_23,0,,
TO,2050,COMBDGICINewSHFUR___STDPRO_16,0,,
TO,2050,COMBDGICINewSHFUR___STDPRO_23,0,,
TO,2050,COMBDGICINewSHFURLARSTDHH2_23,0,,
TO,2050,COMBDGICINewSHFURMEDSTDHH2_23,0,,
TO,2050,COMBDGICINewSHFURSMASTDHH2_23,0,,
TO,2050,COMBDGICINewSHHEP___STDELC_16,0,,
TO,2050,COMBDGICINewSHHEP___STDNGA_23,0,,
TO,2050,COMBDGICINewSHPLT___STDELC_16,0,,
TO,2050,COMBDGICINewSHPLT1000WSTDELC_23,0,,
TO,2050,COMBDGICINewSHPLT1500WSTDELC_23,0,,
TO,2050,COMBDGICINewSHPLT500WSTDELC_23,0,,
TO,2050,COMBDGICINewWH______STDELC_16,0,,
TO,2050,COMBDGICINewWH______STDHFO_16,0,,
TO,2050,COMBDGICINewWH______STDKER_16,0,,
TO,2050,COMBDGICINewWH______STDLFO_16,0,,
TO,2050,COMBDGICINewWH______STDNGA_16,0,,
TO,2050,COMBDGICINewWH______STDPRO_16,0,,
TO,2050,COMBDGICINewWHSTHBCKSTDELC_23,0,,
TO,2050,COMBDGICINewWHSTHBCKSTDNGA_23,0,,
TO,2050,COMBDGICINewWHSYS___ESRPRO_23,0,,
TO,2050,COMBDGICINewWHSYS___STDBMA_23,0,,
TO,2050,COMBDGICINewWHSYS___STDBWP_23,0,,
TO,2050,COMBDGICINewWHSYS___STDHFO_23,0,,
TO,2050,COMBDGICINewWHSYS___STDKER_23,0,,
TO,2050,COMBDGICINewWHSYS___STDLFO_23,0,,
TO,2050,COMBDGICINewWHWTK___ESRNGA_23,0,,
TO,2050,COMBDGICINewWHWTK___HIGELC_23,0,,
TO,2050,COMBDGICINewWHWTK___HIGNGA_23,0,,
TO,2050,COMBDGICINewWHWTK___STDELC_23,0,,
TO,2050,COMBDGICINewWHWTK___STDNGA_23,0,,
TO,2050,COMBDGICIOldSHFUR___ESRNGA_23,0,,
TO,2050,COMBDGICIOldSHFUR___ESRPRO_23,0,,
TO,2050,COMBDGICIOldSHFUR___HIGHFO_23,0,,
TO,2050,COMBDGICIOldSHFUR___HIGLFO_23,0,,
TO,2050,COMBDGICIOldSHFUR___HIGNGA_16,0,,
TO,2050,COMBDGICIOldSHFUR___HIGNGA_23,0,,
TO,2050,COMBDGICIOldSHFUR___HIGPRO_23,0,,
TO,2050,COMBDGICIOldSHFUR___STDELC_16,0,,
TO,2050,COMBDGICIOldSHFUR___STDELC_23,0,,
TO,2050,COMBDGICIOldSHFUR___STDHFO_16,0,,
TO,2050,COMBDGICIOldSHFUR___STDHFO_23,0,,
TO,2050,COMBDGICIOldSHFUR___STDKER_16,0,,
TO,2050,COMBDGICIOldSHFUR___STDKER_23,0,,
TO,2050,COMBDGICIOldSHFUR___STDLFO_16,0,,
TO,2050,COMBDGICIOldSHFUR___STDLFO_23,0,,
TO,2050,COMBDGICIOldSHFUR___STDNGA_16,0,,
TO,2050,COMBDGICIOldSHFUR___STDNGA_23,0,,
TO,2050,COMBDGICIOldSHFUR___STDPRO_16,0,,
TO,2050,COMBDGICIOldSHFUR___STDPRO_23,0,,
TO,2050,COMBDGICIOldSHFURLARSTDHH2_23,0,,
TO,2050,COMBDGICIOldSHFURMEDSTDHH2_23,0,,
TO,2050,COMBDGICIOldSHFURSMASTDHH2_23,0,,
TO,2050,COMBDGICIOldSHHEP___STDELC_16,0,,
TO,2050,COMBDGICIOldSHHEP___STDNGA_23,0,,
TO,2050,COMBDGICIOldSHPLT___STDELC_16,0,,
TO,2050,COMBDGICIOldSHPLT1000WSTDELC_23,0,,
TO,2050,COMBDGICIOldSHPLT1500WSTDELC_23,0,,
TO,2050,COMBDGICIOldSHPLT500WSTDELC_23,0,,
TO,2050,COMBDGICIOldWH______STDELC_16,0,,
TO,2050,COMBDGICIOldWH______STDHFO_16,0,,
TO,2050,COMBDGICIOldWH______STDKER_16,0,,
TO,2050,COMBDGICIOldWH______STDLFO_16,0,,
TO,2050,COMBDGICIOldWH______STDNGA_16,0,,
TO,2050,COMBDGICIOldWH______STDPRO_16,0,,
TO,2050,COMBDGICIOldWHSTHBCKSTDELC_23,0,,
TO,2050,COMBDGICIOldWHSTHBCKSTDNGA_23,0,,
TO,2050,COMBDGICIOldWHSYS___ESRPRO_23,0,,
TO,2050,COMBDGICIOldWHSYS___STDBMA_23,0,,
TO,2050,COMBDGICIOldWHSYS___STDBWP_23,0,,
TO,2050,COMBDGICIOldWHSYS___STDHFO_23,0,,
TO,2050,COMBDGICIOldWHSYS___STDKER_23,0,,
TO,2050,COMBDGICIOldWHSYS___STDLFO_23,0,,
TO,2050,COMBDGICIOldWHWTK___ESRNGA_23,0,,
TO,2050,COMBDGICIOldWHWTK___HIGELC_23,0,,
TO,2050,COMBDGICIOldWHWTK___HIGNGA_23,0,,
TO,2050,COMBDGICIOldWHWTK___STDELC_23,0,,
TO,2050,COMBDGICIOldWHWTK___STDNGA_23,0,,
TO,2050,COMBDGOFFNewSHFUR___ESRNGA_23,0,,
TO,2050,COMBDGOFFNewSHFUR___ESRPRO_23,0,,
TO,2050,COMBDGOFFNewSHFUR___HIGHFO_23,0,,
TO,2050,COMBDGOFFNewSHFUR___HIGLFO_23,0,,
TO,2050,COMBDGOFFNewSHFUR___HIGNGA_16,0,,
TO,2050,COMBDGOFFNewSHFUR___HIGNGA_23,0,,
TO,2050,COMBDGOFFNewSHFUR___HIGPRO_23,0,,
TO,2050,COMBDGOFFNewSHFUR___STDELC_16,0,,
TO,2050,COMBDGOFFNewSHFUR___STDELC_23,0,,
TO,2050,COMBDGOFFNewSHFUR___STDHFO_16,0,,
TO,2050,COMBDGOFFNewSHFUR___STDHFO_23,0,,
TO,2050,COMBDGOFFNewSHFUR___STDKER_16,0,,
TO,2050,COMBDGOFFNewSHFUR___STDKER_23,0,,
TO,2050,COMBDGOFFNewSHFUR___STDLFO_16,0,,
TO,2050,COMBDGOFFNewSHFUR___STDLFO_23,0,,
TO,2050,COMBDGOFFNewSHFUR___STDNGA_16,0,,
TO,2050,COMBDGOFFNewSHFUR___STDNGA_23,0,,
TO,2050,COMBDGOFFNewSHFUR___STDPRO_16,0,,
TO,2050,COMBDGOFFNewSHFUR___STDPRO_23,0,,
TO,2050,COMBDGOFFNewSHFURLARSTDHH2_23,0,,
TO,2050,COMBDGOFFNewSHFURMEDSTDHH2_23,0,,
TO,2050,COMBDGOFFNewSHFURSMASTDHH2_23,0,,
TO,2050,COMBDGOFFNewSHHEP___STDELC_16,0,,
TO,2050,COMBDGOFFNewSHHEP___STDNGA_23,0,,
TO,2050,COMBDGOFFNewSHPLT___STDELC_16,0,,
TO,2050,COMBDGOFFNewSHPLT1000WSTDELC_23,0,,
TO,2050,COMBDGOFFNewSHPLT1500WSTDELC_23,0,,
TO,2050,COMBDGOFFNewSHPLT500WSTDELC_23,0,,
TO,2050,COMBDGOFFNewWH______STDELC_16,0,,
TO,2050,COMBDGOFFNewWH______STDHFO_16,0,,
TO,2050,COMBDGOFFNewWH______STDKER_16,0,,
TO,2050,COMBDGOFFNewWH______STDLFO_16,0,,
TO,2050,COMBDGOFFNewWH______STDNGA_16,0,,
TO,2050,COMBDGOFFNewWH______STDPRO_16,0,,
TO,2050,COMBDGOFFNewWHSTHBCKSTDELC_23,0,,
TO,2050,COMBDGOFFNewWHSTHBCKSTDNGA_23,0,,
TO,2050,COMBDGOFFNewWHSYS___ESRPRO_23,0,,
TO,2050,COMBDGOFFNewWHSYS___STDBMA_23,0,,
TO,2050,COMBDGOFFNewWHSYS___STDBWP_23,0,,
TO,2050,COMBDGOFFNewWHSYS___STDHFO_23,0,,
TO,2050,COMBDGOFFNewWHSYS___STDKER_23,0,,
TO,2050,COMBDGOFFNewWHSYS___STDLFO_23,0,,
TO,2050,COMBDGOFFNewWHWTK___ESRNGA_23,0,,
TO,2050,COMBDGOFFNewWHWTK___HIGELC_23,0,,
TO,2050,COMBDGOFFNewWHWTK___HIGNGA_23,0,,
TO,2050,COMBDGOFFNewWHWTK___STDELC_23,0,,
TO,2050,COMBDGOFFNewWHWTK___STDNGA_23,0,,
TO,2050,COMBDGOFFOldSHFUR___ESRNGA_23,0,,
TO,2050,COMBDGOFFOldSHFUR___ESRPRO_23,0,,
TO,2050,COMBDGOFFOldSHFUR___HIGHFO_23,0,,
TO,2050,COMBDGOFFOldSHFUR___HIGLFO_23,0,,
TO,2050,COMBDGOFFOldSHFUR___HIGNGA_16,0,,
TO,2050,COMBDGOFFOldSHFUR___HIGNGA_23,0,,
TO,2050,COMBDGOFFOldSHFUR___HIGPRO_23,0,,
TO,2050,COMBDGOFFOldSHFUR___STDELC_16,0,,
TO,2050,COMBDGOFFOldSHFUR___STDELC_23,0,,
TO,2050,COMBDGOFFOldSHFUR___STDHFO_16,0,,
TO,2050,COMBDGOFFOldSHFUR___STDHFO_23,0,,
TO,2050,COMBDGOFFOldSHFUR___STDKER_16,0,,
TO,2050,COMBDGOFFOldSHFUR___STDKER_23,0,,
TO,2050,COMBDGOFFOldSHFUR___STDLFO_16,0,,
TO,2050,COMBDGOFFOldSHFUR___STDLFO_23,0,,
TO,2050,COMBDGOFFOldSHFUR___STDNGA_16,0,,
TO,2050,COMBDGOFFOldSHFUR___STDNGA_23,0,,
TO,2050,COMBDGOFFOldSHFUR___STDPRO_16,0,,
TO,2050,COMBDGOFFOldSHFUR___STDPRO_23,0,,
TO,2050,COMBDGOFFOldSHFURLARSTDHH2_23,0,,
TO,2050,COMBDGOFFOldSHFURMEDSTDHH2_23,0,,
TO,2050,COMBDGOFFOldSHFURSMASTDHH2_23,0,,
TO,2050,COMBDGOFFOldSHHEP___STDELC_16,0,,
TO,2050,COMBDGOFFOldSHHEP___STDNGA_23,0,,
TO,2050,COMBDGOFFOldSHPLT___STDELC_16,0,,
TO,2050,COMBDGOFFOldSHPLT1000WSTDELC_23,0,,
TO,2050,COMBDGOFFOldSHPLT1500WSTDELC_23,0,,
TO,2050,COMBDGOFFOldSHPLT500WSTDELC_23,0,,
TO,2050,COMBDGOFFOldWH______STDELC_16,0,,
TO,2050,COMBDGOFFOldWH______STDHFO_16,0,,
TO,2050,COMBDGOFFOldWH______STDKER_16,0,,
TO,2050,COMBDGOFFOldWH______STDLFO_16,0,,
TO,2050,COMBDGOFFOldWH______STDNGA_16,0,,
TO,2050,COMBDGOFFOldWH______STDPRO_16,0,,
TO,2050,COMBDGOFFOldWHSTHBCKSTDELC_23,0,,
TO,2050,COMBDGOFFOldWHSTHBCKSTDNGA_23,0,,
TO,2050,COMBDGOFFOldWHSYS___ESRPRO_23,0,,
TO,2050,COMBDGOFFOldWHSYS___STDBMA_23,0,,
TO,2050,COMBDGOFFOldWHSYS___STDBWP_23,0,,
TO,2050,COMBDGOFFOldWHSYS___STDHFO_23,0,,
TO,2050,COMBDGOFFOldWHSYS___STDKER_23,0,,
TO,2050,COMBDGOFFOldWHSYS___STDLFO_23,0,,
TO,2050,COMBDGOFFOldWHWTK___ESRNGA_23,0,,
TO,2050,COMBDGOFFOldWHWTK___HIGELC_23,0,,
TO,2050,COMBDGOFFOldWHWTK___HIGNGA_23,0,,
TO,2050,COMBDGOFFOldWHWTK___STDELC_23,0,,
TO,2050,COMBDGOFFOldWHWTK___STDNGA_23,0,,
TO,2050,COMBDGOTSNewSHFUR___ESRNGA_23,0,,
TO,2050,COMBDGOTSNewSHFUR___ESRPRO_23,0,,
TO,2050,COMBDGOTSNewSHFUR___HIGHFO_23,0,,
TO,2050,COMBDGOTSNewSHFUR___HIGLFO_23,0,,
TO,2050,COMBDGOTSNewSHFUR___HIGNGA_16,0,,
TO,2050,COMBDGOTSNewSHFUR___HIGNGA_23,0,,
TO,2050,COMBDGOTSNewSHFUR___HIGPRO_23,0,,
TO,2050,COMBDGOTSNewSHFUR___STDELC_16,0,,
TO,2050,COMBDGOTSNewSHFUR___STDELC_23,0,,
TO,2050,COMBDGOTSNewSHFUR___STDHFO_16,0,,
TO,2050,COMBDGOTSNewSHFUR___STDHFO_23,0,,
TO,2050,COMBDGOTSNewSHFUR___STDKER_16,0,,
TO,2050,COMBDGOTSNewSHFUR___STDKER_23,0,,
TO,2050,COMBDGOTSNewSHFUR___STDLFO_16,0,,
TO,2050,COMBDGOTSNewSHFUR___STDLFO_23,0,,
TO,2050,COMBDGOTSNewSHFUR___STDNGA_16,0,,
TO,2050,COMBDGOTSNewSHFUR___STDNGA_23,0,,
TO,2050,COMBDGOTSNewSHFUR___STDPRO_16,0,,
TO,2050,COMBDGOTSNewSHFUR___STDPRO_23,0,,
TO,2050,COMBDGOTSNewSHFURLARSTDHH2_23,0,,
TO,2050,COMBDGOTSNewSHFURMEDSTDHH2_23,0,,
TO,2050,COMBDGOTSNewSHFURSMASTDHH2_23,0,,
TO,2050,COMBDGOTSNewSHHEP___STDELC_16,0,,
TO,2050,COMBDGOTSNewSHHEP___STDNGA_23,0,,
TO,2050,COMBDGOTSNewSHPLT___STDELC_16,0,,
TO,2050,COMBDGOTSNewSHPLT1000WSTDELC_23,0,,
TO,2050,COMBDGOTSNewSHPLT1500WSTDELC_23,0,,
TO,2050,COMBDGOTSNewSHPLT500WSTDELC_23,0,,
TO,2050,COMBDGOTSNewWH______STDELC_16,0,,
TO,2050,COMBDGOTSNewWH______STDHFO_16,0,,
TO,2050,COMBDGOTSNewWH______STDKER_16,0,,
TO,2050,COMBDGOTSNewWH______STDLFO_16,0,,
TO,2050,COMBDGOTSNewWH______STDNGA_16,0,,
TO,2050,COMBDGOTSNewWH______STDPRO_16,0,,
TO,2050,COMBDGOTSNewWHSTHBCKSTDELC_23,0,,
TO,2050,COMBDGOTSNewWHSTHBCKSTDNGA_23,0,,
TO,2050,COMBDGOTSNewWHSYS___ESRPRO_23,0,,
TO,2050,COMBDGOTSNewWHSYS___STDBMA_23,0,,
TO,2050,COMBDGOTSNewWHSYS___STDBWP_23,0,,
TO,2050,COMBDGOTSNewWHSYS___STDHFO_23,0,,
TO,2050,COMBDGOTSNewWHSYS___STDKER_23,0,,
TO,2050,COMBDGOTSNewWHSYS___STDLFO_23,0,,
TO,2050,COMBDGOTSNewWHWTK___ESRNGA_23,0,,
TO,2050,COMBDGOTSNewWHWTK___HIGELC_23,0,,
TO,2050,COMBDGOTSNewWHWTK___HIGNGA_23,0,,
TO,2050,COMBDGOTSNewWHWTK___STDELC_23,0,,
TO,2050,COMBDGOTSNewWHWTK___STDNGA_23,0,,
TO,2050,COMBDGOTSOldSHFUR___ESRNGA_23,0,,
TO,2050,COMBDGOTSOldSHFUR___ESRPRO_23,0,,
TO,2050,COMBDGOTSOldSHFUR___HIGHFO_23,0,,
TO,2050,COMBDGOTSOldSHFUR___HIGLFO_23,0,,
TO,2050,COMBDGOTSOldSHFUR___HIGNGA_16,0,,
TO,2050,COMBDGOTSOldSHFUR___HIGNGA_23,0,,
TO,2050,COMBDGOTSOldSHFUR___HIGPRO_23,0,,
TO,2050,COMBDGOTSOldSHFUR___STDELC_16,0,,
TO,2050,COMBDGOTSOldSHFUR___STDELC_23,0,,
TO,2050,COMBDGOTSOldSHFUR___STDHFO_16,0,,
TO,2050,COMBDGOTSOldSHFUR___STDHFO_23,0,,
TO,2050,COMBDGOTSOldSHFUR___STDKER_16,0,,
TO,2050,COMBDGOTSOldSHFUR___STDKER_23,0,,
TO,2050,COMBDGOTSOldSHFUR___STDLFO_16,0,,
TO,2050,COMBDGOTSOldSHFUR___STDLFO_23,0,,
TO,2050,COMBDGOTSOldSHFUR___STDNGA_16,0,,
TO,2050,COMBDGOTSOldSHFUR___STDNGA_23,0,,
TO,2050,COMBDGOTSOldSHFUR___STDPRO_16,0,,
TO,2050,COMBDGOTSOldSHFUR___STDPRO_23,0,,
TO,2050,COMBDGOTSOldSHFURLARSTDHH2_23,0,,
TO,2050,COMBDGOTSOldSHFURMEDSTDHH2_23,0,,
TO,2050,COMBDGOTSOldSHFURSMASTDHH2_23,0,,
TO,2050,COMBDGOTSOldSHHEP___STDELC_16,0,,
TO,2050,COMBDGOTSOldSHHEP___STDNGA_23,0,,
TO,2050,COMBDGOTSOldSHPLT___STDELC_16,0,,
TO,2050,COMBDGOTSOldSHPLT1000WSTDELC_23,0,,
TO,2050,COMBDGOTSOldSHPLT1500WSTDELC_23,0,,
TO,2050,COMBDGOTSOldSHPLT500WSTDELC_23,0,,
TO,2050,COMBDGOTSOldWH______STDELC_16,0,,
TO,2050,COMBDGOTSOldWH______STDHFO_16,0,,
TO,2050,COMBDGOTSOldWH______STDKER_16,0,,
TO,2050,COMBDGOTSOldWH______STDLFO_16,0,,
TO,2050,COMBDGOTSOldWH______STDNGA_16,0,,
TO,2050,COMBDGOTSOldWH______STDPRO_16,0,,
TO,2050,COMBDGOTSOldWHSTHBCKSTDELC_23,0,,
TO,2050,COMBDGOTSOldWHSTHBCKSTDNGA_23,0,,
TO,2050,COMBDGOTSOldWHSYS___ESRPRO_23,0,,
TO,2050,COMBDGOTSOldWHSYS___STDBMA_23,0,,
TO,2050,COMBDGOTSOldWHSYS___STDBWP_23,0,,
TO,2050,COMBDGOTSOldWHSYS___STDHFO_23,0,,
TO,2050,COMBDGOTSOldWHSYS___STDKER_23,0,,
TO,2050,COMBDGOTSOldWHSYS___STDLFO_23,0,,
TO,2050,COMBDGOTSOldWHWTK___ESRNGA_23,0,,
TO,2050,COMBDGOTSOldWHWTK___HIGELC_23,0,,
TO,2050,COMBDGOTSOldWHWTK___HIGNGA_23,0,,
TO,2050,COMBDGOTSOldWHWTK___STDELC_23,0,,
TO,2050,COMBDGOTSOldWHWTK___STDNGA_23,0,,
TO,2050,COMBDGRTTNewSHFUR___ESRNGA_23,0,,
TO,2050,COMBDGRTTNewSHFUR___ESRPRO_23,0,,
TO,2050,COMBDGRTTNewSHFUR___HIGHFO_23,0,,
TO,2050,COMBDGRTTNewSHFUR___HIGLFO_23,0,,
TO,2050,COMBDGRTTNewSHFUR___HIGNGA_16,0,,
TO,2050,COMBDGRTTNewSHFUR___HIGNGA_23,0,,
TO,2050,COMBDGRTTNewSHFUR___HIGPRO_23,0,,
TO,2050,COMBDGRTTNewSHFUR___STDELC_16,0,,
TO,2050,COMBDGRTTNewSHFUR___STDELC_23,0,,
TO,2050,COMBDGRTTNewSHFUR___STDHFO_16,0,,
TO,2050,COMBDGRTTNewSHFUR___STDHFO_23,0,,
TO,2050,COMBDGRTTNewSHFUR___STDKER_16,0,,
TO,2050,COMBDGRTTNewSHFUR___STDKER_23,0,,
TO,2050,COMBDGRTTNewSHFUR___STDLFO_16,0,,
TO,2050,COMBDGRTTNewSHFUR___STDLFO_23,0,,
TO,2050,COMBDGRTTNewSHFUR___STDNGA_16,0,,
TO,2050,COMBDGRTTNewSHFUR___STDNGA_23,0,,
TO,2050,COMBDGRTTNewSHFUR___STDPRO_16,0,,
TO,2050,COMBDGRTTNewSHFUR___STDPRO_23,0,,
TO,2050,COMBDGRTTNewSHFURLARSTDHH2_23,0,,
TO,2050,COMBDGRTTNewSHFURMEDSTDHH2_23,0,,
TO,2050,COMBDGRTTNewSHFURSMASTDHH2_23,0,,
TO,2050,COMBDGRTTNewSHHEP___STDELC_16,0,,
TO,2050,COMBDGRTTNewSHHEP___STDNGA_23,0,,
TO,2050,COMBDGRTTNewSHPLT___STDELC_16,0,,
TO,2050,COMBDGRTTNewSHPLT1000WSTDELC_23,0,,
TO,2050,COMBDGRTTNewSHPLT1500WSTDELC_23,0,,
TO,2050,COMBDGRTTNewSHPLT500WSTDELC_23,0,,
TO,2050,COMBDGRTTNewWH______STDELC_16,0,,
TO,2050,COMBDGRTTNewWH______STDHFO_16,0,,
TO,2050,COMBDGRTTNewWH______STDKER_16,0,,
TO,2050,COMBDGRTTNewWH______STDLFO_16,0,,
TO,2050,COMBDGRTTNewWH______STDNGA_16,0,,
TO,2050,COMBDGRTTNewWH______STDPRO_16,0,,
TO,2050,COMBDGRTTNewWHSTHBCKSTDELC_23,0,,
TO,2050,COMBDGRTTNewWHSTHBCKSTDNGA_23,0,,
TO,2050,COMBDGRTTNewWHSYS___ESRPRO_23,0,,
TO,2050,COMBDGRTTNewWHSYS___STDBMA_23,0,,
TO,2050,COMBDGRTTNewWHSYS___STDBWP_23,0,,
TO,2050,COMBDGRTTNewWHSYS___STDHFO_23,0,,
TO,2050,COMBDGRTTNewWHSYS___STDKER_23,0,,
TO,2050,COMBDGRTTNewWHSYS___STDLFO_23,0,,
TO,2050,COMBDGRTTNewWHWTK___ESRNGA_23,0,,
TO,2050,COMBDGRTTNewWHWTK___HIGELC_23,0,,
TO,2050,COMBDGRTTNewWHWTK___HIGNGA_23,0,,
TO,2050,COMBDGRTTNewWHWTK___STDELC_23,0,,
TO,2050,COMBDGRTTNewWHWTK___STDNGA_23,0,,
TO,2050,COMBDGRTTOldSHFUR___ESRNGA_23,0,,
TO,2050,COMBDGRTTOldSHFUR___ESRPRO_23,0,,
TO,2050,COMBDGRTTOldSHFUR___HIGHFO_23,0,,
TO,2050,COMBDGRTTOldSHFUR___HIGLFO_23,0,,
TO,2050,COMBDGRTTOldSHFUR___HIGNGA_16,0,,
TO,2050,COMBDGRTTOldSHFUR___HIGNGA_23,0,,
TO,2050,COMBDGRTTOldSHFUR___HIGPRO_23,0,,
TO,2050,COMBDGRTTOldSHFUR___STDELC_16,0,,
TO,2050,COMBDGRTTOldSHFUR___STDELC_23,0,,
TO,2050,COMBDGRTTOldSHFUR___STDHFO_16,0,,
TO,2050,COMBDGRTTOldSHFUR___STDHFO_23,0,,
TO,2050,COMBDGRTTOldSHFUR___STDKER_16,0,,
TO,2050,COMBDGRTTOldSHFUR___STDKER_23,0,,
TO,2050,COMBDGRTTOldSHFUR___STDLFO_16,0,,
TO,2050,COMBDGRTTOldSHFUR___STDLFO_23,0,,
TO,2050,COMBDGRTTOldSHFUR___STDNGA_16,0,,
TO,2050,COMBDGRTTOldSHFUR___STDNGA_23,0,,
TO,2050,COMBDGRTTOldSHFUR___STDPRO_16,0,,
TO,2050,COMBDGRTTOldSHFUR___STDPRO_23,0,,
TO,2050,COMBDGRTTOldSHFURLARSTDHH2_23,0,,
TO,2050,COMBDGRTTOldSHFURMEDSTDHH2_23,0,,
TO,2050,COMBDGRTTOldSHFURSMASTDHH2_23,0,,
TO,2050,COMBDGRTTOldSHHEP___STDELC_16,0,,
TO,2050,COMBDGRTTOldSHHEP___STDNGA_23,0,,
TO,2050,COMBDGRTTOldSHPLT___STDELC_16,0,,
TO,2050,COMBDGRTTOldSHPLT1000WSTDELC_23,0,,
TO,2050,COMBDGRTTOldSHPLT1500WSTDELC_23,0,,
TO,2050,COMBDGRTTOldSHPLT500WSTDELC_23,0,,
TO,2050,COMBDGRTTOldWH______STDELC_16,0,,
TO,2050,COMBDGRTTOldWH______STDHFO_16,0,,
TO,2050,COMBDGRTTOldWH______STDKER_16,0,,
TO,2050,COMBDGRTTOldWH______STDLFO_16,0,,
TO,2050,COMBDGRTTOldWH______STDNGA_16,0,,
TO,2050,COMBDGRTTOldWH______STDPRO_16,0,,
TO,2050,COMBDGRTTOldWHSTHBCKSTDELC_23,0,,
TO,2050,COMBDGRTTOldWHSTHBCKSTDNGA_23,0,,
TO,2050,COMBDGRTTOldWHSYS___ESRPRO_23,0,,
TO,2050,COMBDGRTTOldWHSYS___STDBMA_23,0,,
TO,2050,COMBDGRTTOldWHSYS___STDBWP_23,0,,
TO,2050,COMBDGRTTOldWHSYS___STDHFO_23,0,,
TO,2050,COMBDGRTTOldWHSYS___STDKER_23,0,,
TO,2050,COMBDGRTTOldWHSYS___STDLFO_23,0,,
TO,2050,COMBDGRTTOldWHWTK___ESRNGA_23,0,,
TO,2050,COMBDGRTTOldWHWTK___HIGELC_23,0,,
TO,2050,COMBDGRTTOldWHWTK___HIGNGA_23,0,,
TO,2050,COMBDGRTTOldWHWTK___STDELC_23,0,,
TO,2050,COMBDGRTTOldWHWTK___STDNGA_23,0,,
TO,2050,COMBDGTAWNewSHFUR___ESRNGA_23,0,,
TO,2050,COMBDGTAWNewSHFUR___ESRPRO_23,0,,
TO,2050,COMBDGTAWNewSHFUR___HIGHFO_23,0,,
TO,2050,COMBDGTAWNewSHFUR___HIGLFO_23,0,,
TO,2050,COMBDGTAWNewSHFUR___HIGNGA_16,0,,
TO,2050,COMBDGTAWNewSHFUR___HIGNGA_23,0,,
TO,2050,COMBDGTAWNewSHFUR___HIGPRO_23,0,,
TO,2050,COMBDGTAWNewSHFUR___STDELC_16,0,,
TO,2050,COMBDGTAWNewSHFUR___STDELC_23,0,,
TO,2050,COMBDGTAWNewSHFUR___STDHFO_16,0,,
TO,2050,COMBDGTAWNewSHFUR___STDHFO_23,0,,
TO,2050,COMBDGTAWNewSHFUR___STDKER_16,0,,
TO,2050,COMBDGTAWNewSHFUR___STDKER_23,0,,
TO,2050,COMBDGTAWNewSHFUR___STDLFO_16,0,,
TO,2050,COMBDGTAWNewSHFUR___STDLFO_23,0,,
TO,2050,COMBDGTAWNewSHFUR___STDNGA_16,0,,
TO,2050,COMBDGTAWNewSHFUR___STDNGA_23,0,,
TO,2050,COMBDGTAWNewSHFUR___STDPRO_16,0,,
TO,2050,COMBDGTAWNewSHFUR___STDPRO_23,0,,
TO,2050,COMBDGTAWNewSHFURLARSTDHH2_23,0,,
TO,2050,COMBDGTAWNewSHFURMEDSTDHH2_23,0,,
TO,2050,COMBDGTAWNewSHFURSMASTDHH2_23,0,,
TO,2050,COMBDGTAWNewSHHEP___STDELC_16,0,,
TO,2050,COMBDGTAWNewSHHEP___STDNGA_23,0,,
TO,2050,COMBDGTAWNewSHPLT___STDELC_16,0,,
TO,2050,COMBDGTAWNewSHPLT1000WSTDELC_23,0,,
TO,2050,COMBDGTAWNewSHPLT1500WSTDELC_23,0,,
TO,2050,COMBDGTAWNewSHPLT500WSTDELC_23,0,,
TO,2050,COMBDGTAWNewWH______STDELC_16,0,,
TO,2050,COMBDGTAWNewWH______STDHFO_16,0,,
TO,2050,COMBDGTAWNewWH______STDKER_16,0,,
TO,2050,COMBDGTAWNewWH______STDLFO_16,0,,
TO,2050,COMBDGTAWNewWH______STDNGA_16,0,,
TO,2050,COMBDGTAWNewWH______STDPRO_16,0,,
TO,2050,COMBDGTAWNewWHSTHBCKSTDELC_23,0,,
TO,2050,COMBDGTAWNewWHSTHBCKSTDNGA_23,0,,
TO,2050,COMBDGTAWNewWHSYS___ESRPRO_23,0,,
TO,2050,COMBDGTAWNewWHSYS___STDBMA_23,0,,
TO,2050,COMBDGTAWNewWHSYS___STDBWP_23,0,,
TO,2050,COMBDGTAWNewWHSYS___STDHFO_23,0,,
TO,2050,COMBDGTAWNewWHSYS___STDKER_23,0,,
TO,2050,COMBDGTAWNewWHSYS___STDLFO_23,0,,
TO,2050,COMBDGTAWNewWHWTK___ESRNGA_23,0,,
TO,2050,COMBDGTAWNewWHWTK___HIGELC_23,0,,
TO,2050,COMBDGTAWNewWHWTK___HIGNGA_23,0,,
TO,2050,COMBDGTAWNewWHWTK___STDELC_23,0,,
TO,2050,COMBDGTAWNewWHWTK___STDNGA_23,0,,
TO,2050,COMBDGTAWOldSHFUR___ESRNGA_23,0,,
TO,2050,COMBDGTAWOldSHFUR___ESRPRO_23,0,,
TO,2050,COMBDGTAWOldSHFUR___HIGHFO_23,0,,
TO,2050,COMBDGTAWOldSHFUR___HIGLFO_23,0,,
TO,2050,COMBDGTAWOldSHFUR___HIGNGA_16,0,,
TO,2050,COMBDGTAWOldSHFUR___HIGNGA_23,0,,
TO,2050,COMBDGTAWOldSHFUR___HIGPRO_23,0,,
TO,2050,COMBDGTAWOldSHFUR___STDELC_16,0,,
TO,2050,COMBDGTAWOldSHFUR___STDELC_23,0,,
TO,2050,COMBDGTAWOldSHFUR___STDHFO_16,0,,
TO,2050,COMBDGTAWOldSHFUR___STDHFO_23,0,,
TO,2050,COMBDGTAWOldSHFUR___STDKER_16,0,,
TO,2050,COMBDGTAWOldSHFUR___STDKER_23,0,,
TO,2050,COMBDGTAWOldSHFUR___STDLFO_16,0,,
TO,2050,COMBDGTAWOldSHFUR___STDLFO_23,0,,
TO,2050,COMBDGTAWOldSHFUR___STDNGA_16,0,,
TO,2050,COMBDGTAWOldSHFUR___STDNGA_23,0,,
TO,2050,COMBDGTAWOldSHFUR___STDPRO_16,0,,
TO,2050,COMBDGTAWOldSHFUR___STDPRO_23,0,,
TO,2050,COMBDGTAWOldSHFURLARSTDHH2_23,0,,
TO,2050,COMBDGTAWOldSHFURMEDSTDHH2_23,0,,
TO,2050,COMBDGTAWOldSHFURSMASTDHH2_23,0,,
TO,2050,COMBDGTAWOldSHHEP___STDELC_16,0,,
TO,2050,COMBDGTAWOldSHHEP___STDNGA_23,0,,
TO,2050,COMBDGTAWOldSHPLT___STDELC_16,0,,
TO,2050,COMBDGTAWOldSHPLT1000WSTDELC_23,0,,
TO,2050,COMBDGTAWOldSHPLT1500WSTDELC_23,0,,
TO,2050,COMBDGTAWOldSHPLT500WSTDELC_23,0,,
TO,2050,COMBDGTAWOldWH______STDELC_16,0,,
TO,2050,COMBDGTAWOldWH______STDHFO_16,0,,
TO,2050,COMBDGTAWOldWH______STDKER_16,0,,
TO,2050,COMBDGTAWOldWH______STDLFO_16,0,,
TO,2050,COMBDGTAWOldWH______STDNGA_16,0,,
TO,2050,COMBDGTAWOldWH______STDPRO_16,0,,
TO,2050,COMBDGTAWOldWHSTHBCKSTDELC_23,0,,
TO,2050,COMBDGTAWOldWHSTHBCKSTDNGA_23,0,,
TO,2050,COMBDGTAWOldWHSYS___ESRPRO_23,0,,
TO,2050,COMBDGTAWOldWHSYS___STDBMA_23,0,,
TO,2050,COMBDGTAWOldWHSYS___STDBWP_23,0,,
TO,2050,COMBDGTAWOldWHSYS___STDHFO_23,0,,
TO,2050,COMBDGTAWOldWHSYS___STDKER_23,0,,
TO,2050,COMBDGTAWOldWHSYS___STDLFO_23,0,,
TO,2050,COMBDGTAWOldWHWTK___ESRNGA_23,0,,
TO,2050,COMBDGTAWOldWHWTK___HIGELC_23,0,,
TO,2050,COMBDGTAWOldWHWTK___HIGNGA_23,0,,
TO,2050,COMBDGTAWOldWHWTK___STDELC_23,0,,
TO,2050,COMBDGTAWOldWHWTK___STDNGA_23,0,,
TO,2050,COMBDGWSTNewSHFUR___ESRNGA_23,0,,
TO,2050,COMBDGWSTNewSHFUR___ESRPRO_23,0,,
TO,2050,COMBDGWSTNewSHFUR___HIGHFO_23,0,,
TO,2050,COMBDGWSTNewSHFUR___HIGLFO_23,0,,
TO,2050,COMBDGWSTNewSHFUR___HIGNGA_16,0,,
TO,2050,COMBDGWSTNewSHFUR___HIGNGA_23,0,,
TO,2050,COMBDGWSTNewSHFUR___HIGPRO_23,0,,
TO,2050,COMBDGWSTNewSHFUR___STDELC_16,0,,
TO,2050,COMBDGWSTNewSHFUR___STDELC_23,0,,
TO,2050,COMBDGWSTNewSHFUR___STDHFO_16,0,,
TO,2050,COMBDGWSTNewSHFUR___STDHFO_23,0,,
TO,2050,COMBDGWSTNewSHFUR___STDKER_16,0,,
TO,2050,COMBDGWSTNewSHFUR___STDKER_23,0,,
TO,2050,COMBDGWSTNewSHFUR___STDLFO_16,0,,
TO,2050,COMBDGWSTNewSHFUR___STDLFO_23,0,,
TO,2050,COMBDGWSTNewSHFUR___STDNGA_16,0,,
TO,2050,COMBDGWSTNewSHFUR___STDNGA_23,0,,
TO,2050,COMBDGWSTNewSHFUR___STDPRO_16,0,,
TO,2050,COMBDGWSTNewSHFUR___STDPRO_23,0,,
TO,2050,COMBDGWSTNewSHFURLARSTDHH2_23,0,,
TO,2050,COMBDGWSTNewSHFURMEDSTDHH2_23,0,,
TO,2050,COMBDGWSTNewSHFURSMASTDHH2_23,0,,
TO,2050,COMBDGWSTNewSHHEP___STDELC_16,0,,
TO,2050,COMBDGWSTNewSHHEP___STDNGA_23,0,,
TO,2050,COMBDGWSTNewSHPLT___STDELC_16,0,,
TO,2050,COMBDGWSTNewSHPLT1000WSTDELC_23,0,,
TO,2050,COMBDGWSTNewSHPLT1500WSTDELC_23,0,,
TO,2050,COMBDGWSTNewSHPLT500WSTDELC_23,0,,
TO,2050,COMBDGWSTNewWH______STDELC_16,0,,
TO,2050,COMBDGWSTNewWH______STDHFO_16,0,,
TO,2050,COMBDGWSTNewWH______STDKER_16,0,,
TO,2050,COMBDGWSTNewWH______STDLFO_16,0,,
TO,2050,COMBDGWSTNewWH______STDNGA_16,0,,
TO,2050,COMBDGWSTNewWH______STDPRO_16,0,,
TO,2050,COMBDGWSTNewWHSTHBCKSTDELC_23,0,,
TO,2050,COMBDGWSTNewWHSTHBCKSTDNGA_23,0,,
TO,2050,COMBDGWSTNewWHSYS___ESRPRO_23,0,,
TO,2050,COMBDGWSTNewWHSYS___STDBMA_23,0,,
TO,2050,COMBDGWSTNewWHSYS___STDBWP_23,0,,
TO,2050,COMBDGWSTNewWHSYS___STDHFO_23,0,,
TO,2050,COMBDGWSTNewWHSYS___STDKER_23,0,,
TO,2050,COMBDGWSTNewWHSYS___STDLFO_23,0,,
TO,2050,COMBDGWSTNewWHWTK___ESRNGA_23,0,,
TO,2050,COMBDGWSTNewWHWTK___HIGELC_23,0,,
TO,2050,COMBDGWSTNewWHWTK___HIGNGA_23,0,,
TO,2050,COMBDGWSTNewWHWTK___STDELC_23,0,,
TO,2050,COMBDGWSTNewWHWTK___STDNGA_23,0,,
TO,2050,COMBDGWSTOldSHFUR___ESRNGA_23,0,,
TO,2050,COMBDGWSTOldSHFUR___ESRPRO_23,0,,
TO,2050,COMBDGWSTOldSHFUR___HIGHFO_23,0,,
TO,2050,COMBDGWSTOldSHFUR___HIGLFO_23,0,,
TO,2050,COMBDGWSTOldSHFUR___HIGNGA_16,0,,
TO,2050,COMBDGWSTOldSHFUR___HIGNGA_23,0,,
TO,2050,COMBDGWSTOldSHFUR___HIGPRO_23,0,,
TO,2050,COMBDGWSTOldSHFUR___STDELC_16,0,,
TO,2050,COMBDGWSTOldSHFUR___STDELC_23,0,,
TO,2050,COMBDGWSTOldSHFUR___STDHFO_16,0,,
TO,2050,COMBDGWSTOldSHFUR___STDHFO_23,0,,
TO,2050,COMBDGWSTOldSHFUR___STDKER_16,0,,
TO,2050,COMBDGWSTOldSHFUR___STDKER_23,0,,
TO,2050,COMBDGWSTOldSHFUR___STDLFO_16,0,,
TO,2050,COMBDGWSTOldSHFUR___STDLFO_23,0,,
TO,2050,COMBDGWSTOldSHFUR___STDNGA_16,0,,
TO,2050,COMBDGWSTOldSHFUR___STDNGA_23,0,,
TO,2050,COMBDGWSTOldSHFUR___STDPRO_16,0,,
TO,2050,COMBDGWSTOldSHFUR___STDPRO_23,0,,
TO,2050,COMBDGWSTOldSHFURLARSTDHH2_23,0,,
TO,2050,COMBDGWSTOldSHFURMEDSTDHH2_23,0,,
TO,2050,COMBDGWSTOldSHFURSMASTDHH2_23,0,,
TO,2050,COMBDGWSTOldSHHEP___STDELC_16,0,,
TO,2050,COMBDGWSTOldSHHEP___STDNGA_23,0,,
TO,2050,COMBDGWSTOldSHPLT___STDELC_16,0,,
TO,2050,COMBDGWSTOldSHPLT1000WSTDELC_23,0,,
TO,2050,COMBDGWSTOldSHPLT1500WSTDELC_23,0,,
TO,2050,COMBDGWSTOldSHPLT500WSTDELC_23,0,,
TO,2050,COMBDGWSTOldWH______STDELC_16,0,,
TO,2050,COMBDGWSTOldWH______STDHFO_16,0,,
TO,2050,COMBDGWSTOldWH______STDKER_16,0,,
TO,2050,COMBDGWSTOldWH______STDLFO_16,0,,
TO,2050,COMBDGWSTOldWH______STDNGA_16,0,,
TO,2050,COMBDGWSTOldWH______STDPRO_16,0,,
TO,2050,COMBDGWSTOldWHSTHBCKSTDELC_23,0,,
TO,2050,COMBDGWSTOldWHSTHBCKSTDNGA_23,0,,
TO,2050,COMBDGWSTOldWHSYS___ESRPRO_23,0,,
TO,2050,COMBDGWSTOldWHSYS___STDBMA_23,0,,
TO,2050,COMBDGWSTOldWHSYS___STDBWP_23,0,,
TO,2050,COMBDGWSTOldWHSYS___STDHFO_23,0,,
TO,2050,COMBDGWSTOldWHSYS___STDKER_23,0,,
TO,2050,COMBDGWSTOldWHSYS___STDLFO_23,0,,
TO,2050,COMBDGWSTOldWHWTK___ESRNGA_23,0,,
TO,2050,COMBDGWSTOldWHWTK___HIGELC_23,0,,
TO,2050,COMBDGWSTOldWHWTK___HIGNGA_23,0,,
TO,2050,COMBDGWSTOldWHWTK___STDELC_23,0,,
TO,2050,COMBDGWSTOldWHWTK___STDNGA_23,0,,
TO,2050,PUBBDGHSPNewSHFUR___ESRNGA_23,0,,
TO,2050,PUBBDGHSPNewSHFUR___ESRPRO_23,0,,
TO,2050,PUBBDGHSPNewSHFUR___HIGHFO_23,0,,
TO,2050,PUBBDGHSPNewSHFUR___HIGLFO_23,0,,
TO,2050,PUBBDGHSPNewSHFUR___HIGNGA_16,0,,
TO,2050,PUBBDGHSPNewSHFUR___HIGNGA_23,0,,
TO,2050,PUBBDGHSPNewSHFUR___HIGPRO_23,0,,
TO,2050,PUBBDGHSPNewSHFUR___STDELC_16,0,,
TO,2050,PUBBDGHSPNewSHFUR___STDELC_23,0,,
TO,2050,PUBBDGHSPNewSHFUR___STDHFO_16,0,,
TO,2050,PUBBDGHSPNewSHFUR___STDHFO_23,0,,
TO,2050,PUBBDGHSPNewSHFUR___STDKER_16,0,,
TO,2050,PUBBDGHSPNewSHFUR___STDKER_23,0,,
TO,2050,PUBBDGHSPNewSHFUR___STDLFO_16,0,,
TO,2050,PUBBDGHSPNewSHFUR___STDLFO_23,0,,
TO,2050,PUBBDGHSPNewSHFUR___STDNGA_16,0,,
TO,2050,PUBBDGHSPNewSHFUR___STDNGA_23,0,,
TO,2050,PUBBDGHSPNewSHFUR___STDPRO_16,0,,
TO,2050,PUBBDGHSPNewSHFUR___STDPRO_23,0,,
TO,2050,PUBBDGHSPNewSHFURLARSTDHH2_23,0,,
TO,2050,PUBBDGHSPNewSHFURMEDSTDHH2_23,0,,
TO,2050,PUBBDGHSPNewSHFURSMASTDHH2_23,0,,
TO,2050,PUBBDGHSPNewSHHEP___STDELC_16,0,,
TO,2050,PUBBDGHSPNewSHHEP___STDNGA_23,0,,
TO,2050,PUBBDGHSPNewSHPLT___STDELC_16,0,,
TO,2050,PUBBDGHSPNewSHPLT1000WSTDELC_23,0,,
TO,2050,PUBBDGHSPNewSHPLT1500WSTDELC_23,0,,
TO,2050,PUBBDGHSPNewSHPLT500WSTDELC_23,0,,
TO,2050,PUBBDGHSPNewWH______STDELC_16,0,,
TO,2050,PUBBDGHSPNewWH______STDHFO_16,0,,
TO,2050,PUBBDGHSPNewWH______STDKER_16,0,,
TO,2050,PUBBDGHSPNewWH______STDLFO_16,0,,
TO,2050,PUBBDGHSPNewWH______STDNGA_16,0,,
TO,2050,PUBBDGHSPNewWHSTHBCKSTDELC_23,0,,
TO,2050,PUBBDGHSPNewWHSTHBCKSTDNGA_23,0,,
TO,2050,PUBBDGHSPNewWHSYS___ESRPRO_23,0,,
TO,2050,PUBBDGHSPNewWHSYS___STDBMA_23,0,,
TO,2050,PUBBDGHSPNewWHSYS___STDBWP_23,0,,
TO,2050,PUBBDGHSPNewWHSYS___STDHFO_23,0,,
TO,2050,PUBBDGHSPNewWHSYS___STDKER_23,0,,
TO,2050,PUBBDGHSPNewWHSYS___STDLFO_23,0,,
TO,2050,PUBBDGHSPNewWHWTK___ESRNGA_23,0,,
TO,2050,PUBBDGHSPNewWHWTK___HIGELC_23,0,,
TO,2050,PUBBDGHSPNewWHWTK___HIGNGA_23,0,,
TO,2050,PUBBDGHSPNewWHWTK___STDELC_23,0,,
TO,2050,PUBBDGHSPNewWHWTK___STDNGA_23,0,,
TO,2050,PUBBDGHSPOldSHFUR___ESRNGA_23,0,,
TO,2050,PUBBDGHSPOldSHFUR___ESRPRO_23,0,,
TO,2050,PUBBDGHSPOldSHFUR___HIGHFO_23,0,,
TO,2050,PUBBDGHSPOldSHFUR___HIGLFO_23,0,,
TO,2050,PUBBDGHSPOldSHFUR___HIGNGA_16,0,,
TO,2050,PUBBDGHSPOldSHFUR___HIGNGA_23,0,,
TO,2050,PUBBDGHSPOldSHFUR___HIGPRO_23,0,,
TO,2050,PUBBDGHSPOldSHFUR___STDELC_16,0,,
TO,2050,PUBBDGHSPOldSHFUR___STDELC_23,0,,
TO,2050,PUBBDGHSPOldSHFUR___STDHFO_16,0,,
TO,2050,PUBBDGHSPOldSHFUR___STDHFO_23,0,,
TO,2050,PUBBDGHSPOldSHFUR___STDKER_16,0,,
TO,2050,PUBBDGHSPOldSHFUR___STDKER_23,0,,
TO,2050,PUBBDGHSPOldSHFUR___STDLFO_16,0,,
TO,2050,PUBBDGHSPOldSHFUR___STDLFO_23,0,,
TO,2050,PUBBDGHSPOldSHFUR___STDNGA_16,0,,
TO,2050,PUBBDGHSPOldSHFUR___STDNGA_23,0,,
TO,2050,PUBBDGHSPOldSHFUR___STDPRO_16,0,,
TO,2050,PUBBDGHSPOldSHFUR___STDPRO_23,0,,
TO,2050,PUBBDGHSPOldSHFURLARSTDHH2_23,0,,
TO,2050,PUBBDGHSPOldSHFURMEDSTDHH2_23,0,,
TO,2050,PUBBDGHSPOldSHFURSMASTDHH2_23,0,,
TO,2050,PUBBDGHSPOldSHHEP___STDELC_16,0,,
TO,2050,PUBBDGHSPOldSHHEP___STDNGA_23,0,,
TO,2050,PUBBDGHSPOldSHPLT___STDELC_16,0,,
TO,2050,PUBBDGHSPOldSHPLT1000WSTDELC_23,0,,
TO,2050,PUBBDGHSPOldSHPLT1500WSTDELC_23,0,,
TO,2050,PUBBDGHSPOldSHPLT500WSTDELC_23,0,,
TO,2050,PUBBDGHSPOldWH______STDELC_16,0,,
TO,2050,PUBBDGHSPOldWH______STDHFO_16,0,,
TO,2050,PUBBDGHSPOldWH______STDKER_16,0,,
TO,2050,PUBBDGHSPOldWH______STDLFO_16,0,,
TO,2050,PUBBDGHSPOldWH______STDNGA_16,0,,
TO,2050,PUBBDGHSPOldWHSTHBCKSTDELC_23,0,,
TO,2050,PUBBDGHSPOldWHSTHBCKSTDNGA_23,0,,
TO,2050,PUBBDGHSPOldWHSYS___ESRPRO_23,0,,
TO,2050,PUBBDGHSPOldWHSYS___STDBMA_23,0,,
TO,2050,PUBBDGHSPOldWHSYS___STDBWP_23,0,,
TO,2050,PUBBDGHSPOldWHSYS___STDHFO_23,0,,
TO,2050,PUBBDGHSPOldWHSYS___STDKER_23,0,,
TO,2050,PUBBDGHSPOldWHSYS___STDLFO_23,0,,
TO,2050,PUBBDGHSPOldWHWTK___ESRNGA_23,0,,
TO,2050,PUBBDGHSPOldWHWTK___HIGELC_23,0,,
TO,2050,PUBBDGHSPOldWHWTK___HIGNGA_23,0,,
TO,2050,PUBBDGHSPOldWHWTK___STDELC_23,0,,
TO,2050,PUBBDGHSPOldWHWTK___STDNGA_23,0,,
TO,2050,PUBBDGMUNNewSHFUR___ESRNGA_23,0,,
TO,2050,PUBBDGMUNNewSHFUR___ESRPRO_23,0,,
TO,2050,PUBBDGMUNNewSHFUR___HIGHFO_23,0,,
TO,2050,PUBBDGMUNNewSHFUR___HIGLFO_23,0,,
TO,2050,PUBBDGMUNNewSHFUR___HIGNGA_16,0,,
TO,2050,PUBBDGMUNNewSHFUR___HIGNGA_23,0,,
TO,2050,PUBBDGMUNNewSHFUR___HIGPRO_23,0,,
TO,2050,PUBBDGMUNNewSHFUR___STDELC_16,0,,
TO,2050,PUBBDGMUNNewSHFUR___STDELC_23,0,,
TO,2050,PUBBDGMUNNewSHFUR___STDHFO_16,0,,
TO,2050,PUBBDGMUNNewSHFUR___STDHFO_23,0,,
TO,2050,PUBBDGMUNNewSHFUR___STDKER_16,0,,
TO,2050,PUBBDGMUNNewSHFUR___STDKER_23,0,,
TO,2050,PUBBDGMUNNewSHFUR___STDLFO_16,0,,
TO,2050,PUBBDGMUNNewSHFUR___STDLFO_23,0,,
TO,2050,PUBBDGMUNNewSHFUR___STDNGA_16,0,,
TO,2050,PUBBDGMUNNewSHFUR___STDNGA_23,0,,
TO,2050,PUBBDGMUNNewSHFUR___STDPRO_16,0,,
TO,2050,PUBBDGMUNNewSHFUR___STDPRO_23,0,,
TO,2050,PUBBDGMUNNewSHFURLARSTDHH2_23,0,,
TO,2050,PUBBDGMUNNewSHFURMEDSTDHH2_23,0,,
TO,2050,PUBBDGMUNNewSHFURSMASTDHH2_23,0,,
TO,2050,PUBBDGMUNNewSHHEP___STDELC_16,0,,
TO,2050,PUBBDGMUNNewSHHEP___STDNGA_23,0,,
TO,2050,PUBBDGMUNNewSHPLT___STDELC_16,0,,
TO,2050,PUBBDGMUNNewSHPLT1000WSTDELC_23,0,,
TO,2050,PUBBDGMUNNewSHPLT1500WSTDELC_23,0,,
TO,2050,PUBBDGMUNNewSHPLT500WSTDELC_23,0,,
TO,2050,PUBBDGMUNNewWH______STDELC_16,0,,
TO,2050,PUBBDGMUNNewWH______STDHFO_16,0,,
TO,2050,PUBBDGMUNNewWH______STDKER_16,0,,
TO,2050,PUBBDGMUNNewWH______STDLFO_16,0,,
TO,2050,PUBBDGMUNNewWH______STDNGA_16,0,,
TO,2050,PUBBDGMUNNewWHSTHBCKSTDELC_23,0,,
TO,2050,PUBBDGMUNNewWHSTHBCKSTDNGA_23,0,,
TO,2050,PUBBDGMUNNewWHSYS___ESRPRO_23,0,,
TO,2050,PUBBDGMUNNewWHSYS___STDBMA_23,0,,
TO,2050,PUBBDGMUNNewWHSYS___STDBWP_23,0,,
TO,2050,PUBBDGMUNNewWHSYS___STDHFO_23,0,,
TO,2050,PUBBDGMUNNewWHSYS___STDKER_23,0,,
TO,2050,PUBBDGMUNNewWHSYS___STDLFO_23,0,,
TO,2050,PUBBDGMUNNewWHWTK___ESRNGA_23,0,,
TO,2050,PUBBDGMUNNewWHWTK___HIGELC_23,0,,
TO,2050,PUBBDGMUNNewWHWTK___HIGNGA_23,0,,
TO,2050,PUBBDGMUNNewWHWTK___STDELC_23,0,,
TO,2050,PUBBDGMUNNewWHWTK___STDNGA_23,0,,
TO,2050,PUBBDGMUNOldSHFUR___ESRNGA_23,0,,
TO,2050,PUBBDGMUNOldSHFUR___ESRPRO_23,0,,
TO,2050,PUBBDGMUNOldSHFUR___HIGHFO_23,0,,
TO,2050,PUBBDGMUNOldSHFUR___HIGLFO_23,0,,
TO,2050,PUBBDGMUNOldSHFUR___HIGNGA_16,0,,
TO,2050,PUBBDGMUNOldSHFUR___HIGNGA_23,0,,
TO,2050,PUBBDGMUNOldSHFUR___HIGPRO_23,0,,
TO,2050,PUBBDGMUNOldSHFUR___STDELC_16,0,,
TO,2050,PUBBDGMUNOldSHFUR___STDELC_23,0,,
TO,2050,PUBBDGMUNOldSHFUR___STDHFO_16,0,,
TO,2050,PUBBDGMUNOldSHFUR___STDHFO_23,0,,
TO,2050,PUBBDGMUNOldSHFUR___STDKER_16,0,,
TO,2050,PUBBDGMUNOldSHFUR___STDKER_23,0,,
TO,2050,PUBBDGMUNOldSHFUR___STDLFO_16,0,,
TO,2050,PUBBDGMUNOldSHFUR___STDLFO_23,0,,
TO,2050,PUBBDGMUNOldSHFUR___STDNGA_16,0,,
TO,2050,PUBBDGMUNOldSHFUR___STDNGA_23,0,,
TO,2050,PUBBDGMUNOldSHFUR___STDPRO_16,0,,
TO,2050,PUBBDGMUNOldSHFUR___STDPRO_23,0,,
TO,2050,PUBBDGMUNOldSHFURLARSTDHH2_23,0,,
TO,2050,PUBBDGMUNOldSHFURMEDSTDHH2_23,0,,
TO,2050,PUBBDGMUNOldSHFURSMASTDHH2_23,0,,
TO,2050,PUBBDGMUNOldSHHEP___STDELC_16,0,,
TO,2050,PUBBDGMUNOldSHHEP___STDNGA_23,0,,
TO,2050,PUBBDGMUNOldSHPLT___STDELC_16,0,,
TO,2050,PUBBDGMUNOldSHPLT1000WSTDELC_23,0,,
TO,2050,PUBBDGMUNOldSHPLT1500WSTDELC_23,0,,
TO,2050,PUBBDGMUNOldSHPLT500WSTDELC_23,0,,
TO,2050,PUBBDGMUNOldWH______STDELC_16,0,,
TO,2050,PUBBDGMUNOldWH______STDHFO_16,0,,
TO,2050,PUBBDGMUNOldWH______STDKER_16,0,,
TO,2050,PUBBDGMUNOldWH______STDLFO_16,0,,
TO,2050,PUBBDGMUNOldWH______STDNGA_16,0,,
TO,2050,PUBBDGMUNOldWHSTHBCKSTDELC_23,0,,
TO,2050,PUBBDGMUNOldWHSTHBCKSTDNGA_23,0,,
TO,2050,PUBBDGMUNOldWHSYS___ESRPRO_23,0,,
TO,2050,PUBBDGMUNOldWHSYS___STDBMA_23,0,,
TO,2050,PUBBDGMUNOldWHSYS___STDBWP_23,0,,
TO,2050,PUBBDGMUNOldWHSYS___STDHFO_23,0,,
TO,2050,PUBBDGMUNOldWHSYS___STDKER_23,0,,
TO,2050,PUBBDGMUNOldWHSYS___STDLFO_23,0,,
TO,2050,PUBBDGMUNOldWHWTK___ESRNGA_23,0,,
TO,2050,PUBBDGMUNOldWHWTK___HIGELC_23,0,,
TO,2050,PUBBDGMUNOldWHWTK___HIGNGA_23,0,,
TO,2050,PUBBDGMUNOldWHWTK___STDELC_23,0,,
TO,2050,PUBBDGMUNOldWHWTK___STDNGA_23,0,,
TO,2050,PUBBDGPSINewSHFUR___ESRNGA_23,0,,
TO,2050,PUBBDGPSINewSHFUR___ESRPRO_23,0,,
TO,2050,PUBBDGPSINewSHFUR___HIGHFO_23,0,,
TO,2050,PUBBDGPSINewSHFUR___HIGLFO_23,0,,
TO,2050,PUBBDGPSINewSHFUR___HIGNGA_16,0,,
TO,2050,PUBBDGPSINewSHFUR___HIGNGA_23,0,,
TO,2050,PUBBDGPSINewSHFUR___HIGPRO_23,0,,
TO,2050,PUBBDGPSINewSHFUR___STDELC_16,0,,
TO,2050,PUBBDGPSINewSHFUR___STDELC_23,0,,
TO,2050,PUBBDGPSINewSHFUR___STDHFO_16,0,,
TO,2050,PUBBDGPSINewSHFUR___STDHFO_23,0,,
TO,2050,PUBBDGPSINewSHFUR___STDKER_16,0,,
TO,2050,PUBBDGPSINewSHFUR___STDKER_23,0,,
TO,2050,PUBBDGPSINewSHFUR___STDLFO_16,0,,
TO,2050,PUBBDGPSINewSHFUR___STDLFO_23,0,,
TO,2050,PUBBDGPSINewSHFUR___STDNGA_16,0,,
TO,2050,PUBBDGPSINewSHFUR___STDNGA_23,0,,
TO,2050,PUBBDGPSINewSHFUR___STDPRO_16,0,,
TO,2050,PUBBDGPSINewSHFUR___STDPRO_23,0,,
TO,2050,PUBBDGPSINewSHFURLARSTDHH2_23,0,,
TO,2050,PUBBDGPSINewSHFURMEDSTDHH2_23,0,,
TO,2050,PUBBDGPSINewSHFURSMASTDHH2_23,0,,
TO,2050,PUBBDGPSINewSHHEP___STDELC_16,0,,
TO,2050,PUBBDGPSINewSHHEP___STDNGA_23,0,,
TO,2050,PUBBDGPSINewSHPLT___STDELC_16,0,,
TO,2050,PUBBDGPSINewSHPLT1000WSTDELC_23,0,,
TO,2050,PUBBDGPSINewSHPLT1500WSTDELC_23,0,,
TO,2050,PUBBDGPSINewSHPLT500WSTDELC_23,0,,
TO,2050,PUBBDGPSINewWH______STDELC_16,0,,
TO,2050,PUBBDGPSINewWH______STDHFO_16,0,,
TO,2050,PUBBDGPSINewWH______STDKER_16,0,,
TO,2050,PUBBDGPSINewWH______STDLFO_16,0,,
TO,2050,PUBBDGPSINewWH______STDNGA_16,0,,
TO,2050,PUBBDGPSINewWHSTHBCKSTDELC_23,0,,
TO,2050,PUBBDGPSINewWHSTHBCKSTDNGA_23,0,,
TO,2050,PUBBDGPSINewWHSYS___ESRPRO_23,0,,
TO,2050,PUBBDGPSINewWHSYS___STDBMA_23,0,,
TO,2050,PUBBDGPSINewWHSYS___STDBWP_23,0,,
TO,2050,PUBBDGPSINewWHSYS___STDHFO_23,0,,
TO,2050,PUBBDGPSINewWHSYS___STDKER_23,0,,
TO,2050,PUBBDGPSINewWHSYS___STDLFO_23,0,,
TO,2050,PUBBDGPSINewWHWTK___ESRNGA_23,0,,
TO,2050,PUBBDGPSINewWHWTK___HIGELC_23,0,,
TO,2050,PUBBDGPSINewWHWTK___HIGNGA_23,0,,
TO,2050,PUBBDGPSINewWHWTK___STDELC_23,0,,
TO,2050,PUBBDGPSINewWHWTK___STDNGA_23,0,,
TO,2050,PUBBDGPSIOldSHFUR___ESRNGA_23,0,,
TO,2050,PUBBDGPSIOldSHFUR___ESRPRO_23,0,,
TO,2050,PUBBDGPSIOldSHFUR___HIGHFO_23,0,,
TO,2050,PUBBDGPSIOldSHFUR___HIGLFO_23,0,,
TO,2050,PUBBDGPSIOldSHFUR___HIGNGA_16,0,,
TO,2050,PUBBDGPSIOldSHFUR___HIGNGA_23,0,,
TO,2050,PUBBDGPSIOldSHFUR___HIGPRO_23,0,,
TO,2050,PUBBDGPSIOldSHFUR___STDELC_16,0,,
TO,2050,PUBBDGPSIOldSHFUR___STDELC_23,0,,
TO,2050,PUBBDGPSIOldSHFUR___STDHFO_16,0,,
TO,2050,PUBBDGPSIOldSHFUR___STDHFO_23,0,,
TO,2050,PUBBDGPSIOldSHFUR___STDKER_16,0,,
TO,2050,PUBBDGPSIOldSHFUR___STDKER_23,0,,
TO,2050,PUBBDGPSIOldSHFUR___STDLFO_16,0,,
TO,2050,PUBBDGPSIOldSHFUR___STDLFO_23,0,,
TO,2050,PUBBDGPSIOldSHFUR___STDNGA_16,0,,
TO,2050,PUBBDGPSIOldSHFUR___STDNGA_23,0,,
TO,2050,PUBBDGPSIOldSHFUR___STDPRO_16,0,,
TO,2050,PUBBDGPSIOldSHFUR___STDPRO_23,0,,
TO,2050,PUBBDGPSIOldSHFURLARSTDHH2_23,0,,
TO,2050,PUBBDGPSIOldSHFURMEDSTDHH2_23,0,,
TO,2050,PUBBDGPSIOldSHFURSMASTDHH2_23,0,,
TO,2050,PUBBDGPSIOldSHHEP___STDELC_16,0,,
TO,2050,PUBBDGPSIOldSHHEP___STDNGA_23,0,,
TO,2050,PUBBDGPSIOldSHPLT___STDELC_16,0,,
TO,2050,PUBBDGPSIOldSHPLT1000WSTDELC_23,0,,
TO,2050,PUBBDGPSIOldSHPLT1500WSTDELC_23,0,,
TO,2050,PUBBDGPSIOldSHPLT500WSTDELC_23,0,,
TO,2050,PUBBDGPSIOldWH______STDELC_16,0,,
TO,2050,PUBBDGPSIOldWH______STDHFO_16,0,,
TO,2050,PUBBDGPSIOldWH______STDKER_16,0,,
TO,2050,PUBBDGPSIOldWH______STDLFO_16,0,,
TO,2050,PUBBDGPSIOldWH______STDNGA_16,0,,
TO,2050,PUBBDGPSIOldWHSTHBCKSTDELC_23,0,,
TO,2050,PUBBDGPSIOldWHSTHBCKSTDNGA_23,0,,
TO,2050,PUBBDGPSIOldWHSYS___ESRPRO_23,0,,
TO,2050,PUBBDGPSIOldWHSYS___STDBMA_23,0,,
TO,2050,PUBBDGPSIOldWHSYS___STDBWP_23,0,,
TO,2050,PUBBDGPSIOldWHSYS___STDHFO_23,0,,
TO,2050,PUBBDGPSIOldWHSYS___STDKER_23,0,,
TO,2050,PUBBDGPSIOldWHSYS___STDLFO_23,0,,
TO,2050,PUBBDGPSIOldWHWTK___ESRNGA_23,0,,
TO,2050,PUBBDGPSIOldWHWTK___HIGELC_23,0,,
TO,2050,PUBBDGPSIOldWHWTK___HIGNGA_23,0,,
TO,2050,PUBBDGPSIOldWHWTK___STDELC_23,0,,
TO,2050,PUBBDGPSIOldWHWTK___STDNGA_23,0,,
TO,2050,PUBBDGSBDNewSHFUR___ESRNGA_23,0,,
TO,2050,PUBBDGSBDNewSHFUR___ESRPRO_23,0,,
TO,2050,PUBBDGSBDNewSHFUR___HIGHFO_23,0,,
TO,2050,PUBBDGSBDNewSHFUR___HIGLFO_23,0,,
TO,2050,PUBBDGSBDNewSHFUR___HIGNGA_16,0,,
TO,2050,PUBBDGSBDNewSHFUR___HIGNGA_23,0,,
TO,2050,PUBBDGSBDNewSHFUR___HIGPRO_23,0,,
TO,2050,PUBBDGSBDNewSHFUR___STDELC_16,0,,
TO,2050,PUBBDGSBDNewSHFUR___STDELC_23,0,,
TO,2050,PUBBDGSBDNewSHFUR___STDHFO_16,0,,
TO,2050,PUBBDGSBDNewSHFUR___STDHFO_23,0,,
TO,2050,PUBBDGSBDNewSHFUR___STDKER_16,0,,
TO,2050,PUBBDGSBDNewSHFUR___STDKER_23,0,,
TO,2050,PUBBDGSBDNewSHFUR___STDLFO_16,0,,
TO,2050,PUBBDGSBDNewSHFUR___STDLFO_23,0,,
TO,2050,PUBBDGSBDNewSHFUR___STDNGA_16,0,,
TO,2050,PUBBDGSBDNewSHFUR___STDNGA_23,0,,
TO,2050,PUBBDGSBDNewSHFUR___STDPRO_16,0,,
TO,2050,PUBBDGSBDNewSHFUR___STDPRO_23,0,,
TO,2050,PUBBDGSBDNewSHFURLARSTDHH2_23,0,,
TO,2050,PUBBDGSBDNewSHFURMEDSTDHH2_23,0,,
TO,2050,PUBBDGSBDNewSHFURSMASTDHH2_23,0,,
TO,2050,PUBBDGSBDNewSHHEP___STDELC_16,0,,
TO,2050,PUBBDGSBDNewSHHEP___STDNGA_23,0,,
TO,2050,PUBBDGSBDNewSHPLT___STDELC_16,0,,
TO,2050,PUBBDGSBDNewSHPLT1000WSTDELC_23,0,,
TO,2050,PUBBDGSBDNewSHPLT1500WSTDELC_23,0,,
TO,2050,PUBBDGSBDNewSHPLT500WSTDELC_23,0,,
TO,2050,PUBBDGSBDNewWH______STDELC_16,0,,
TO,2050,PUBBDGSBDNewWH______STDHFO_16,0,,
TO,2050,PUBBDGSBDNewWH______STDKER_16,0,,
TO,2050,PUBBDGSBDNewWH______STDLFO_16,0,,
TO,2050,PUBBDGSBDNewWH______STDNGA_16,0,,
TO,2050,PUBBDGSBDNewWHSTHBCKSTDELC_23,0,,
TO,2050,PUBBDGSBDNewWHSTHBCKSTDNGA_23,0,,
TO,2050,PUBBDGSBDNewWHSYS___ESRPRO_23,0,,
TO,2050,PUBBDGSBDNewWHSYS___STDBMA_23,0,,
TO,2050,PUBBDGSBDNewWHSYS___STDBWP_23,0,,
TO,2050,PUBBDGSBDNewWHSYS___STDHFO_23,0,,
TO,2050,PUBBDGSBDNewWHSYS___STDKER_23,0,,
TO,2050,PUBBDGSBDNewWHSYS___STDLFO_23,0,,
TO,2050,PUBBDGSBDNewWHWTK___ESRNGA_23,0,,
TO,2050,PUBBDGSBDNewWHWTK___HIGELC_23,0,,
TO,2050,PUBBDGSBDNewWHWTK___HIGNGA_23,0,,
TO,2050,PUBBDGSBDNewWHWTK___STDELC_23,0,,
TO,2050,PUBBDGSBDNewWHWTK___STDNGA_23,0,,
TO,2050,PUBBDGSBDOldSHFUR___ESRNGA_23,0,,
TO,2050,PUBBDGSBDOldSHFUR___ESRPRO_23,0,,
TO,2050,PUBBDGSBDOldSHFUR___HIGHFO_23,0,,
TO,2050,PUBBDGSBDOldSHFUR___HIGLFO_23,0,,
TO,2050,PUBBDGSBDOldSHFUR___HIGNGA_16,0,,
TO,2050,PUBBDGSBDOldSHFUR___HIGNGA_23,0,,
TO,2050,PUBBDGSBDOldSHFUR___HIGPRO_23,0,,
TO,2050,PUBBDGSBDOldSHFUR___STDELC_16,0,,
TO,2050,PUBBDGSBDOldSHFUR___STDELC_23,0,,
TO,2050,PUBBDGSBDOldSHFUR___STDHFO_16,0,,
TO,2050,PUBBDGSBDOldSHFUR___STDHFO_23,0,,
TO,2050,PUBBDGSBDOldSHFUR___STDKER_16,0,,
TO,2050,PUBBDGSBDOldSHFUR___STDKER_23,0,,
TO,2050,PUBBDGSBDOldSHFUR___STDLFO_16,0,,
TO,2050,PUBBDGSBDOldSHFUR___STDLFO_23,0,,
TO,2050,PUBBDGSBDOldSHFUR___STDNGA_16,0,,
TO,2050,PUBBDGSBDOldSHFUR___STDNGA_23,0,,
TO,2050,PUBBDGSBDOldSHFUR___STDPRO_16,0,,
TO,2050,PUBBDGSBDOldSHFUR___STDPRO_23,0,,
TO,2050,PUBBDGSBDOldSHFURLARSTDHH2_23,0,,
TO,2050,PUBBDGSBDOldSHFURMEDSTDHH2_23,0,,
TO,2050,PUBBDGSBDOldSHFURSMASTDHH2_23,0,,
TO,2050,PUBBDGSBDOldSHHEP___STDELC_16,0,,
TO,2050,PUBBDGSBDOldSHHEP___STDNGA_23,0,,
TO,2050,PUBBDGSBDOldSHPLT___STDELC_16,0,,
TO,2050,PUBBDGSBDOldSHPLT1000WSTDELC_23,0,,
TO,2050,PUBBDGSBDOldSHPLT1500WSTDELC_23,0,,
TO,2050,PUBBDGSBDOldSHPLT500WSTDELC_23,0,,
TO,2050,PUBBDGSBDOldWH______STDELC_16,0,,
TO,2050,PUBBDGSBDOldWH______STDHFO_16,0,,
TO,2050,PUBBDGSBDOldWH______STDKER_16,0,,
TO,2050,PUBBDGSBDOldWH______STDLFO_16,0,,
TO,2050,PUBBDGSBDOldWH______STDNGA_16,0,,
TO,2050,PUBBDGSBDOldWHSTHBCKSTDELC_23,0,,
TO,2050,PUBBDGSBDOldWHSTHBCKSTDNGA_23,0,,
TO,2050,PUBBDGSBDOldWHSYS___ESRPRO_23,0,,
TO,2050,PUBBDGSBDOldWHSYS___STDBMA_23,0,,
TO,2050,PUBBDGSBDOldWHSYS___STDBWP_23,0,,
TO,2050,PUBBDGSBDOldWHSYS___STDHFO_23,0,,
TO,2050,PUBBDGSBDOldWHSYS___STDKER_23,0,,
TO,2050,PUBBDGSBDOldWHSYS___STDLFO_23,0,,
TO,2050,PUBBDGSBDOldWHWTK___ESRNGA_23,0,,
TO,2050,PUBBDGSBDOldWHWTK___HIGELC_23,0,,
TO,2050,PUBBDGSBDOldWHWTK___HIGNGA_23,0,,
TO,2050,PUBBDGSBDOldWHWTK___STDELC_23,0,,
TO,2050,PUBBDGSBDOldWHWTK___STDNGA_23,0,,
